Unnamed: 0	Accession ID	Gene ID	Product Description	3D7_MIS	3D7_MFS	Neighbours	essential	Degree	Betweenness Centrality	Closeness Centrality	stage	redundant	under_MIS_threshold
0	C6KST3	PF3D7_0608500	proteasome subunit alpha type-2, putative	0.119	-3.1	['O77323', 'O97247', 'Q8I0U7', 'C0H5H0', 'O96220', 'Q8I2X4', 'Q8IJW0', 'C6KT34', 'Q7K6A9', 'O77396', 'Q8IK90', 'C6KST5', 'Q8IDG3', 'C0H5I7', 'Q8IKC9', 'Q8IJM0', 'Q8I5C4', 'Q8IJA0', 'O97282', 'O96153', 'Q8I6T3', 'Q8II43', 'Q76NM3', 'Q8I323', 'C0H4C7', 'Q8IDG2', 'Q8I261', 'Q8II71', 'Q8ID43', 'A0A5K1K9F3', 'A0A5K1K7U1', 'Q8IJT1', 'Q8IAR3', 'Q8IBI3']	True	34	0.0043981312487595	0.3531605212791341	5	True	True
1	O97282	PF3D7_0320300	T-complex protein 1 subunit epsilon	0.119	-3.368	['C0H5H0', 'Q8I6T3', 'Q8II43', 'Q8IDZ8', 'Q6ZLZ9', 'Q8IFP3', 'Q76NN6', 'C6KT34', 'Q8I323', 'Q8IDG2', 'Q8ILA4', 'Q8II24', 'C0H5I7', 'Q8IDG3', 'Q8IC01', 'Q8IAR3', 'O96220', 'Q8IBI3', 'Q8IKT2', 'C6KSV2', 'Q8IKC9', 'Q8I5B6', 'Q8II61', 'Q8IE66', 'C6KST3', 'Q8I2X4', 'Q8IJW0', 'C6KTA4', 'O97247', 'Q7K6A9', 'Q8IKW5', 'Q8IJN9', 'C6KST5', 'Q8IBR6', 'Q8IK90', 'O77323', 'Q8IJT1', 'Q8II82', 'Q8I5C4']	True	39	0.0167486393792151	0.396060714753389	5	False	True
2	Q8IKJ0	PF3D7_1464700	ATP synthase (C/AC39) subunit, putative	0.119	-3.121	['Q8IBV7']	True	1	0.0	0.2642315332869932	5	True	True
3	Q8ID43	PF3D7_1366500	nucleoside diphosphate kinase	0.119	-2.705	['Q6ZLZ9', 'Q8IDF6', 'Q8IJN9', 'Q7KQL9', 'Q8ILA4', 'Q8IL58', 'Q8IKK7', 'Q8IKT2', 'Q8IKC9', 'O96153', 'Q8I3R0', 'C6KST3', 'Q8I261', 'Q8IIG6', 'O97247']	True	15	0.0056079339342226	0.3464591831144447	5	False	True
4	Q8IIA4	PF3D7_1126000	threonine--tRNA ligase	0.119	-2.949	['Q8IBS3', 'Q8IE10', 'Q8IDK7', 'Q8IDZ9', 'Q8ILP6', 'Q8IAX5', 'Q8IDJ8']	True	7	0.0082896688696936	0.3121093837629271	5	False	True
5	Q8ILQ7	PF3D7_1419300	glutathione S-transferase	0.119	-3.204	['C6KTA3', 'Q6ZLZ9', 'Q76NN6', 'Q8IIG6']	True	4	0.0001289356207896	0.2822009111303127	5	False	True
6	C0H571	PF3D7_0929400	high molecular weight rhoptry protein 2	0.119	-3.01	['Q8IKC8', 'Q8IBN4', 'Q6ZMA7', 'Q8I4T3', 'C6KSV8', 'Q8I0V2', 'Q8I5J2', 'Q8II72', 'A0A5K1K9E5']	True	9	0.0024607024518532	0.310253168226529	5	True	True
7	C0H5I7	PF3D7_1357800	T-complex protein 1 subunit delta	0.119	-3.006	['Q8IDG2', 'Q8II24', 'C6KST5', 'Q8IDG3', 'C6KTA4', 'Q8I5C4', 'O97282', 'Q8I6T3', 'Q7KQL5', 'Q8IFP3', 'C6KST3', 'Q8IKW5', 'Q8IBR6', 'Q8IK90', 'Q8IJT1', 'Q8IAR3', 'C0H5H0', 'Q8IBI3', 'O77323', 'O97247', 'Q8II43', 'Q8IE66', 'Q6ZLZ9', 'O96220', 'Q8I2X4', 'Q8IJW0', 'Q8IJN9']	True	27	0.006007072723369	0.3776297611195705	5	False	True
8	Q8IDK7	PF3D7_1349200	glutamate--tRNA ligase	0.119	-2.972	['Q8IC01', 'O97313', 'Q8I0P6', 'Q8IE10', 'Q8IM10', 'Q8IJ60', 'C0H4A6', 'Q8II24', 'Q8IBY4', 'Q8I3R0', 'Q8IDR9', 'Q8IIU8', 'C6KT23', 'Q8IIA4', 'Q8IDB0', 'C0H5C2', 'Q8IAX5', 'C0H5H0', 'Q8IDJ8', 'Q8IL94', 'Q8IJC6', 'Q8IEK3', 'Q8IKW5', 'Q8IL02', 'Q8ILL3', 'Q8ILI2', 'O77381', 'Q8IIA2', 'Q8ILK3']	True	29	0.0087424310025371	0.3884765734070475	5	False	True
9	Q8IKT2	PF3D7_1454700	6-phosphogluconate dehydrogenase, decarboxylating	0.119	-3.063	['Q8I5C4', 'C6KT25', 'Q8IEA6', 'Q8IE66', 'Q8I5P5', 'Q8I3X4', 'O97282', 'Q8ID43', 'O97247', 'Q8IFP3', 'Q8II24', 'P50250', 'Q6ZLZ9', 'P27362', 'Q8IIG6', 'Q8I0X1', 'Q8ILA4', 'C6KTA3', 'Q8I5B6', 'Q8IJN9', 'Q8II61']	True	21	0.004226378349022	0.3471178507629512	5	False	True
10	A0A143ZZK9	PF3D7_1211900	non-SERCA-type Ca2+ -transporting P-ATPase	0.119	-3.089	['C0H5H0', 'Q8I0V2']	True	2	0.0	0.3272114507191977	5	True	True
11	Q8ILG6	PF3D7_1429800	coatomer subunit beta, putative	0.12	-3.0	['Q8I3I6']	True	1	0.0	0.2516664224690728	5	False	True
12	Q8IBM9	PF3D7_0722400	Obg-like ATPase 1, putative	0.12	-2.921	['Q8IKW5', 'Q8IFP3']	True	2	0.0	0.3145288363502365	5	False	True
13	Q8IM38	PF3D7_1405600	ribonucleoside-diphosphate reductase small chain, putative	0.12	-2.846	['Q8IJN8']	True	1	0.0	0.0026246719160104	5	False	True
14	Q8ILP6	PF3D7_1420400	glycine--tRNA ligase	0.12	-2.951	['C0H5H0', 'Q8IDZ9', 'Q8IBS3', 'Q8IIA4']	True	4	0.0060122701302566	0.3097268693830574	5	False	True
15	Q8IIB4	PF3D7_1124900	60S ribosomal protein L35, putative	0.12	0.0	['O00806', 'Q8I0P6', 'Q8IDB0', 'C0H5C2', 'Q8IAX5', 'Q8IM10', 'Q8IJV6', 'Q8I320', 'Q8II61', 'Q8ILL3', 'Q8ILL2', 'C6KT19', 'O77381', 'Q8IBY4', 'A0A5K1K8V8', 'K7NTP5', 'Q8IKM5', 'Q8I3T8', 'Q8IKH8', 'Q8I431', 'O97313', 'Q8IJX8', 'Q8IIM8', 'Q8IIA2', 'Q8IAX6', 'O97285', 'C0H4A6', 'Q8IAX8', 'C6KT18', 'Q8IDR9', 'Q8IET7', 'Q8IIV2', 'Q8I0V2']	True	33	0.0012134239519433	0.37072891269302	5	False	True
16	Q8IEB8	PF3D7_1319800	conserved Plasmodium protein, unknown function	0.12	-3.245	['Q8IIF0', 'Q8IKC8']	True	2	0.0	0.2659635681009648	5	True	True
17	C6KT25	PF3D7_0618500	malate dehydrogenase	0.12	-2.827	['Q8ILL3', 'Q8IL58', 'Q8I566', 'Q8IAX5', 'Q8IKT2', 'Q8IIA2', 'Q8IKM5', 'Q8IDB0', 'Q7KQL5', 'Q8I3X4', 'Q8IEK3', 'C6KTA3', 'Q8IIR8', 'O97245', 'A0A5K1K910', 'Q8I0V2', 'K7NTP5', 'Q8ILT0', 'Q8I5B6', 'Q8I0P6', 'Q8IJC6', 'Q8IM10', 'Q8IKW5', 'P50250']	True	24	0.0218746071451828	0.3807799572498693	5	False	True
18	Q8IDZ9	PF3D7_1332900	isoleucine--tRNA ligase, putative	0.12	-3.026	['Q8ILP6', 'Q8IIW2', 'Q8IIA4']	True	3	0.0051388313302942	0.2535888743073782	5	False	True
19	Q8IKC8	PF3D7_1471100	exported protein 2	0.12	-3.183	['Q8IIF0', 'C0H571', 'Q8II72', 'Q8IIX5', 'Q8IBN4', 'Q8IEU2', 'Q8I490', 'Q8IJ76', 'Q8IK07', 'Q8IEB8', 'Q8I4T3']	True	11	0.0080695138127457	0.2857339428815529	5	True	True
20	Q8IKC9	PF3D7_1470900	proteasome subunit beta type-2, putative	0.12	-2.935	['C6KT34', 'Q8IJT1', 'C0H4C7', 'Q8I5C4', 'Q8I6T3', 'Q8IDG3', 'A0A5K1K7U1', 'O96153', 'O96220', 'Q8II43', 'Q8IDG2', 'O97282', 'Q8IAR3', 'C6KST3', 'Q8IK90', 'Q8I261', 'Q8ID43', 'C6KST5', 'Q8I0U7', 'O77323', 'O77396', 'Q7K6A9', 'Q8IJW0', 'Q8IBI3']	True	24	0.0005207077020684	0.3032956636234424	5	False	True
21	Q8IKF0	PF3D7_1468700	eukaryotic initiation factor 4A	0.12	-2.99	['Q8I0V4', 'Q9TY94', 'C6KT23', 'Q8IDB0', 'Q8IC05', 'Q7KQL5', 'Q8IKP1']	True	7	0.0006385442965476	0.3161627523832248	5	True	True
22	Q8I5R7	PF3D7_1213800	proline--tRNA ligase	0.12	-3.106	['Q8IDJ8', 'Q8IIM8']	True	2	1.698458535493843e-05	0.2916677148583264	5	False	True
23	A0A5K1K8Y8	PF3D7_1347500	DNA/RNA-binding protein Alba 4	0.12	-3.068	['Q8IJX8', 'Q8ILL3', 'Q8IIV2', 'Q8IAX8', 'Q8IC01']	True	5	0.0002855663782728	0.3269185129835494	5	False	True
24	C6KTB3	PF3D7_0627700	transportin	0.12	-3.073	['O96153', 'Q8I323', 'O77312']	True	3	0.0025059849778964	0.3010453248166733	5	True	True
25	Q8I3I6	PF3D7_0528100	AP-1/2 complex subunit beta, putative	0.12	-2.959	['Q8IB24', 'Q8ILG6', 'Q8I2X4', 'C0H5H0', 'Q8I323', 'K7NTP5']	True	6	0.0051613311452331	0.3384318619116077	5	False	True
26	Q8I6T2	PF3D7_1345700	isocitrate dehydrogenase [NADP], mitochondrial	0.121	-3.089	['Q8IJC6']	True	1	0.0	0.2804669577593123	5	False	True
27	Q8IJN7	PF3D7_1015900	enolase	0.121	-2.917	['Q8ILL2', 'Q8ILC1', 'Q8IJ34', 'Q8IDR9', 'Q6LFH8', 'Q8IKR1', 'O97313', 'Q8IAX5', 'Q8II61', 'Q8I0V4', 'Q8IM10']	True	11	0.0028938704325716	0.3444980933987025	5	True	True
28	Q8IIJ6	PF3D7_1117100	ubiquitin carboxyl-terminal hydrolase UCH54	0.121	-2.89	['Q8II71', 'C0H5H0', 'Q8IJW0', 'A0A5K1K9F3', 'Q8I323', 'Q8IC01', 'Q8ILC1', 'Q8IJM0', 'Q8IJA0']	True	9	0.0001120306444627	0.3390603333357704	5	False	True
29	Q8I5L6	PF3D7_1219100	clathrin heavy chain, putative	0.121	-3.091	['O96221', 'O96153']	True	2	0.0001090982278163	0.2580692431113955	5	True	True
30	Q8I3A9	PF3D7_0904000	GTPase-activating protein, putative	0.121	-3.074	['Q8I323']	True	1	0.0	0.2949660573526855	5	False	True
31	Q8IJC6	PF3D7_1027800	60S ribosomal protein L3	0.121	-3.144	['C6KT23', 'Q8IL58', 'Q8IDB0', 'Q8IJ60', 'Q8IEK3', 'Q8ILK3', 'Q8IB24', 'Q8IBN4', 'Q8IC05', 'Q8IKM5', 'Q8IIU8', 'Q8I463', 'Q8IKX4', 'Q8IAX6', 'Q8IKH8', 'C6KTA4', 'C0H4A6', 'Q8IAX8', 'Q8IL75', 'Q8IBV7', 'Q8IJ34', 'Q8IDR9', 'O77381', 'Q8IKW5', 'Q8IK83', 'Q8IJX8', 'Q8IJV6', 'Q8IL02', 'Q8IFP2', 'Q8ILL3', 'Q8I6T2', 'Q8I3R0', 'O97313', 'Q8ILI2', 'Q8I0P6', 'C0H5C2', 'Q8IAX5', 'Q8IDJ8', 'Q8IK15', 'Q8IIV2', 'Q8IIA2', 'Q8IDK7', 'Q8IE10', 'C6KT19', 'Q8IM10', 'Q6ZMA7', 'C6KT25', 'Q8IBY4', 'A0A5K1K8V8', 'K7NTP5', 'Q8I0V2']	True	51	0.0179496938721446	0.3926537408630373	5	False	True
32	Q8I467	PF3D7_0503400	actin-depolymerizing factor 1	0.121	-3.113	['Q8I3A1']	True	1	0.0	0.2315586423605736	5	False	True
33	Q8IJA9	PF3D7_1029600	adenosine deaminase	0.121	-2.967	['Q8IDR9']	True	1	0.0	0.2921343832020997	5	False	True
34	Q8IDF6	PF3D7_1354500	adenylosuccinate synthetase	0.122	-3.107	['Q8ILA4', 'Q7KQL9', 'Q8ID43', 'Q8I5C4', 'Q8IFP3', 'Q6ZLZ9']	True	6	2.530154761172188e-05	0.3003026143113689	5	False	True
35	Q8I463	PF3D7_0503800	60S ribosomal protein L31	0.122	0.0	['Q8IIX0', 'Q8IKX4', 'Q8IIU8', 'O97320', 'Q8IBV7', 'A0A144A1R5', 'Q8I0V4', 'Q8IJC6', 'Q8IKQ9', 'Q8IL02', 'Q8ILL2', 'Q8IKK7', 'Q8IC05', 'Q8IDB0', 'Q8IB14', 'Q8IJ34', 'Q8IKH8', 'Q7KQL5', 'C6KT23', 'Q8IJX3']	True	20	0.0079093870625062	0.3362504410705568	5	False	True
36	C6KSV8	PF3D7_0611300	ATP synthase-associated protein, putative	0.122	-3.244	['Q8IBN4', 'A0A5K1K9E9', 'Q8IC43', 'Q8I484', 'C0H571', 'Q8I0V2', 'Q8IJ28']	True	7	0.0091876845724207	0.3003026143113689	5	False	True
37	Q8IDS0	PF3D7_1341900	V-type proton ATPase subunit D, putative	0.122	-3.354	['Q8IE84', 'Q6ZMA8', 'C0H4C7', 'Q8IEP9', 'Q7KQL5', 'Q8IKW5', 'Q8I280', 'Q8I2H3', 'Q8I0V2', 'Q8I3R0']	True	10	0.0024445209022608	0.3474481246456943	5	False	True
38	Q8IIB6	PF3D7_1124700	GrpE protein homolog, mitochondrial, putative	0.122	-2.922	['Q76NN6']	True	1	0.0	0.2657699992741082	5	False	True
39	C6S3G2	PF3D7_1143000	alpha/beta hydrolase, putative	0.122	-3.126	['Q8I0V2', 'O96252']	True	2	0.0	0.2919008625120901	5	False	True
40	Q8IL11	PF3D7_1446200	M17 leucyl aminopeptidase	0.122	-3.038	['Q8IEJ6', 'Q8IJN9', 'Q8IC01', 'Q8IEA6', 'Q8I0X1', 'C6KTA3']	True	6	0.001018799427742	0.2968845357744916	5	False	True
41	Q8I323	PF3D7_0912900	26S proteasome regulatory subunit RPN8, putative	0.122	-3.009	['Q8ILE3', 'Q76NM6', 'Q8IKB2', 'Q8I0V2', 'Q8I280', 'Q8ILI2', 'Q8I0P6', 'Q8IAR6', 'Q8I3A9', 'C0H5C2', 'Q8IIA2', 'Q8IDE7', 'Q7K6A9', 'Q8I2X4', 'Q8IBI3', 'Q8IKP1', 'C0H5H0', 'O97282', 'Q8ILC1', 'Q8IJM0', 'Q8IJA0', 'Q8II43', 'Q8IEP9', 'Q8IFP3', 'Q8IDG2', 'K7NTP5', 'A0A5K1K7U1', 'Q8III6', 'Q8II24', 'Q8II71', 'Q8IKH3', 'Q8IDG3', 'Q8IC01', 'Q8IIJ6', 'Q8I1V1', 'Q8IKM5', 'O96230', 'Q8IDR9', 'Q8I3I6', 'Q8IEQ1', 'C6KST3', 'Q8I5C4', 'Q8I261', 'C6KTB3', 'Q8I3N3', 'C0H4A6', 'Q8IJW0', 'C6KST5', 'Q8IEK3', 'Q8IKW5', 'O77381', 'Q8I3R0', 'A0A5K1K9F3']	True	53	0.0538075543465282	0.4216720311808599	5	False	True
42	A0A5K1K8H7	PF3D7_0512600	ras-related protein Rab-1B	0.122	-3.249	['Q76NM4', 'Q8I3W9', 'Q8IIK8', 'Q8I274']	True	4	0.0030981709391186	0.2497728994545996	5	True	True
43	Q8I280	PF3D7_0106100	V-type proton ATPase subunit C, putative	0.122	-2.999	['Q8I323', 'Q8IE84', 'Q76NM6', 'Q8I0V2', 'Q8IEP9', 'Q8IDS0', 'Q8IKW5', 'Q6ZMA8', 'Q8ID28']	True	9	0.0004176218516789	0.3396911432582555	5	True	True
44	Q7KQM0	PF3D7_1439900	triosephosphate isomerase	0.122	-3.063	['Q8IIG6', 'Q7KQL9']	True	2	0.0	0.252013788131556	5	True	True
45	Q8IKX4	PF3D7_1450100	signal recognition particle subunit SRP54	0.122	-3.044	['Q8I463', 'Q8IJC6', 'Q8IIA2', 'Q8ILK3', 'O97249', 'Q76NM6', 'C6KT23']	True	7	0.0001209687880753	0.3022913733465436	5	False	True
46	C0H4A6	PF3D7_0415900	60S ribosomal protein L15, putative	0.123	-2.823	['Q8IK15', 'C6KT23', 'K7NTP5', 'Q8I0P6', 'Q8I431', 'Q8IJC6', 'Q8IM10', 'Q8IET7', 'Q8IDK7', 'Q8IAX8', 'O77381', 'Q8IB24', 'C0H5C2', 'Q8IL58', 'Q8I487', 'Q8IIV2', 'Q8IKM5', 'Q8IDB0', 'Q8IDR9', 'Q8IIU8', 'Q8IIV1', 'Q8IE10', 'Q8IL75', 'Q9TY99', 'Q8I320', 'Q8IIB4', 'Q8IEK3', 'Q8I3R0', 'Q8IJV6', 'Q8I323', 'Q8IL02', 'Q8ID28', 'Q8ILL3', 'Q8IAX5', 'Q8IJS2', 'Q8IKR1', 'O97313', 'Q8IIA2']	True	38	0.0048050330992943	0.3756872211961159	5	False	True
47	Q8I261	PF3D7_0108000	proteasome subunit beta type-3, putative	0.123	-3.212	['A0A5K1K7U1', 'Q8IJW0', 'Q8IDG3', 'C6KT34', 'A0A5K1K9F3', 'Q8IKC9', 'Q8IJM0', 'Q8I0U7', 'Q8IJA0', 'O77396', 'O96153', 'Q8I6T3', 'Q7K6A9', 'Q8I323', 'Q8IK90', 'C6KST3', 'Q8IDG2', 'Q76NM3', 'Q8II71', 'Q8ID43', 'Q8IJT1', 'Q8IAR3', 'Q8IBI3']	True	23	0.001295861442505	0.3243054875689384	5	True	True
48	Q8IJ60	PF3D7_1034900	methionine--tRNA ligase	0.123	-2.954	['Q8IJC6', 'Q8IDK7', 'Q8IDJ8', 'Q8IE10']	True	4	0.0	0.3010453248166733	5	False	True
49	Q8IB31	PF3D7_0819600	ubiquitin-like protein, putative	0.123	-3.082	['O97320', 'Q8IBY4', 'Q8IL02', 'Q8IDB0']	True	4	0.0	0.2926025472777441	5	False	True
50	Q8I3A1	PF3D7_0904800	replication protein A1, small fragment	0.124	-2.834	['P61074', 'Q76NN6', 'Q8II42', 'Q8I467', 'Q7KQJ9', 'C0H4U4', 'Q8IC01', 'C6S3I6']	True	8	0.0192035194599861	0.3030439659772819	5	False	True
51	Q8II60	PF3D7_1130400	26S protease regulatory subunit 6A, putative	0.125	-3.028	['Q8I3R0', 'Q8IJW0']	True	2	2.979343125324537e-05	0.310781258725638	5	False	True
52	Q8II42	PF3D7_1132300	nucleic acid binding protein, putative	0.125	-3.046	['Q8I3A1', 'C6S3I6']	True	2	0.0	0.2337823169030888	5	False	True
53	Q8IIA2	PF3D7_1126200	40S ribosomal protein S18, putative	0.125	-2.983	['Q8IEQ1', 'Q8IDR9', 'O97249', 'Q8I4U5', 'Q8I323', 'Q6ZMA7', 'C6KT25', 'Q8IBY4', 'Q9TY99', 'A0A5K1K8V8', 'K7NTP5', 'Q8IM10', 'Q8I3R0', 'Q8I431', 'C6KT23', 'Q8IDB0', 'Q8I487', 'C0H5C2', 'Q8IAX5', 'Q8IEK3', 'Q8IB24', 'Q8ILK3', 'Q8IE10', 'Q8IKM5', 'Q8IAX8', 'Q8IKX4', 'Q8IIU8', 'Q8I566', 'O77381', 'Q8IL94', 'Q8IJC6', 'Q8IIB4', 'Q8IKW5', 'Q8IJV6', 'O97313', 'Q8IL02', 'Q8I0P6', 'Q8ILL3', 'Q8ILI2', 'Q8IC05', 'Q8IAX6', 'Q8IJ76', 'Q8I2F2', 'Q8IDK7', 'Q8IK15', 'C0H4A6']	True	46	0.0153533065811318	0.393499977373518	5	False	True
54	Q8I566	PF3D7_1235600	serine hydroxymethyltransferase	0.126	-2.803	['C6KSV3', 'C6KT25', 'O77323', 'Q8I2X4', 'C6KTA3', 'Q8IKW5', 'Q76NM3', 'Q8ILL3', 'Q8IIA2', 'Q7KQL5', 'Q7KQL9', 'Q8IM10', 'Q8IJN9', 'Q8ILA4']	True	14	0.0052283901812269	0.3670029939724871	5	False	True
55	Q8IBZ4	PF3D7_0709500	nucleic acid-binding protein, putative	0.126	-2.926	['Q8I3A4']	True	1	0.0	0.2064262176385668	5	False	True
56	Q8IIG6	PF3D7_1120100	phosphoglycerate mutase, putative	0.127	-3.154	['Q76NN6', 'C0H4V6', 'Q7KQM0', 'Q8IKT2', 'Q7KQL9', 'Q8ID43', 'Q8ILQ7']	True	7	0.0017265745817373	0.2914349393476653	5	False	True
57	O77312	PF3D7_0302900	exportin-1, putative	0.127	-3.224	['Q8I3M5', 'Q8II36', 'C6KTB3']	True	3	0.0011205842521597	0.2492614191144195	5	True	True
58	Q8IBS3	PF3D7_0717700	serine--tRNA ligase, putative	0.127	-3.11	['Q8IIA4', 'Q8ILP6', 'Q8IJN9', 'Q8I246']	True	4	0.0055565747213611	0.287307615265637	5	False	True
59	C0H4H6	PF3D7_0622600	cytochrome b-c1 complex subunit 9, putative	0.127	-3.102	['Q7KQL5']	True	1	0.0	0.2798222061322794	5	False	True
60	O96153	PF3D7_0205900	26S proteasome regulatory subunit RPN1, putative	0.127	-3.218	['Q7K6A9', 'Q8IK90', 'Q8IDG3', 'C6KT34', 'Q8IM66', 'Q8IKC9', 'Q8II61', 'A0A5K1K7U1', 'Q8I6T3', 'C6KST3', 'Q8IDG2', 'Q8I261', 'C6KTB3', 'Q8ID43', 'Q8IBI3', 'Q8I5L6', 'Q8I0U7', 'O77396']	True	18	0.0064813013954406	0.3208857460480006	5	True	True
61	Q8I3X7	PF3D7_0513000	conserved protein, unknown function	0.127	-3.279	['Q8IKS0']	True	1	0.0	0.2366610362946368	5	True	True
62	Q8IDR9	PF3D7_1342000	40S ribosomal protein S6	0.127	-2.986	['Q8ILI2', 'Q8IIA2', 'Q8IK15', 'Q8IIV2', 'A0A144A3N9', 'O77381', 'B9ZSJ2', 'Q8I431', 'Q8IJC6', 'Q8IM10', 'O97313', 'Q8IET7', 'Q8I0P6', 'Q8IJN7', 'C0H5H0', 'Q8ILL2', 'Q8IAX6', 'O97285', 'Q8I320', 'Q8IDK7', 'C6KTA4', 'C0H4A6', 'A0A5K1K9E5', 'Q8IAX8', 'C6KT18', 'Q8IBV7', 'Q8IIK8', 'Q8IKM5', 'C6KT19', 'Q8II61', 'Q8IIU8', 'Q8IKH8', 'Q8I323', 'Q8IJA9', 'Q8IE10', 'A0A5K1K8V8', 'K7NTP5', 'Q8I0V2', 'Q8I3T8', 'O00806', 'Q8I3R0', 'Q8IIB4', 'Q8IEK3', 'Q8IKW5', 'Q8IK83', 'Q8IJX8', 'Q8IIM8', 'C0H5C2', 'Q8IJV6', 'Q8IAX5', 'Q8IL02', 'Q8ILL3', 'Q8IB24']	True	53	0.0229987649024712	0.4159088599118732	5	False	True
63	Q8I3T8	PF3D7_0517000	60S ribosomal protein L12, putative	0.128	0.0	['Q8IAX8', 'Q8IL02', 'Q8ILL3', 'Q8ILL2', 'Q8IAX5', 'Q8IKM5', 'Q8IK15', 'Q8IDB0', 'Q8II61', 'Q8IBY4', 'A0A5K1K8V8', 'K7NTP5', 'Q8IE10', 'Q8I0V2', 'Q8I431', 'Q8IIB4', 'C0H5C2', 'Q8IJX8', 'Q8IM10', 'Q8IIM8', 'Q8IET7', 'Q8IKR1', 'A0A143ZX41', 'Q8IFP2', 'O77381', 'Q8IDR9', 'Q8IIU8', 'Q8IKH8', 'O00806', 'O97313', 'Q8I0P6', 'Q8IAX6', 'Q8I1V1']	True	33	0.0039617363595628	0.3696032176139925	5	False	True
64	Q8I3R0	PF3D7_0520000	40S ribosomal protein S9, putative	0.128	-2.999	['Q8IEK3', 'Q8IAX6', 'O00806', 'Q8IJX8', 'Q8IJV6', 'C0H5C2', 'Q8IL02', 'Q8ID28', 'Q8ILL3', 'Q8IAX5', 'Q8IIA2', 'Q8IK15', 'Q8II60', 'Q8IBY4', 'O77381', 'K7NTP5', 'Q8IJC6', 'Q8IM10', 'O97313', 'Q8IDK7', 'Q8IAX8', 'Q8I0P6', 'Q8IB24', 'Q8ID43', 'Q8IL58', 'Q8ILK3', 'C0H4A6', 'Q8IKM5', 'Q8IDB0', 'Q8IDR9', 'Q8IIU8', 'Q8IKH8', 'Q8IE10', 'Q8I492', 'Q8I323', 'Q6ZMA7', 'A0A5K1K8V8', 'Q8I0V2', 'Q8IDS0']	True	39	0.0101375380192708	0.3880637396414715	5	False	True
65	Q7K6A5	PF3D7_0523000	multidrug resistance protein 1	0.128	-2.943	['Q76NM4', 'Q8I1V1', 'Q8IEQ1']	True	3	0.0005046970729071	0.2789671344557866	5	True	True
66	C0H4L1	PF3D7_0706000	importin-7, putative	0.128	-3.11	['Q8IIV2', 'C6KT19']	True	2	0.0	0.2855105387041631	5	False	True
67	Q8IIU8	PF3D7_1105400	40S ribosomal protein S4, putative	0.129	-2.943	['Q8IB24', 'Q8IKM5', 'Q8I463', 'Q8II61', 'Q8IE10', 'C6KTA4', 'Q8IJC6', 'Q8IKW5', 'O77381', 'Q8IL02', 'Q8ILL3', 'O97313', 'Q8I0P6', 'Q8IK15', 'Q8IDJ8', 'Q8IIA2', 'Q8IAX6', 'Q8I2F2', 'Q8IDK7', 'C0H4A6', 'Q9TY99', 'Q8IDR9', 'Q8IM10', 'Q8IBY4', 'A0A5K1K8V8', 'K7NTP5', 'Q8IFP2', 'Q8I3T8', 'O00806', 'Q8I3R0', 'C6KT23', 'Q8IDB0', 'C0H5C2', 'Q8IAX5', 'Q8IEK3', 'Q8ILK3']	True	36	0.0046526140200671	0.3823748471231671	5	False	True
68	Q8IIR7	PF3D7_1108600	endoplasmic reticulum-resident calcium binding protein	0.129	-3.259	['Q76NN6', 'Q8I2W3', 'Q8ILI6']	True	3	0.0	0.2663515528830231	5	False	True
69	Q8IAY9	PF3D7_0815200	importin subunit beta, putative	0.129	-3.067	['Q8I3M5']	True	1	0.0	0.2357443376388797	5	False	True
70	Q8IKP1	PF3D7_1459000	ATP-dependent RNA helicase DBP5	0.13	-2.887	['Q8I323', 'Q8IAX5', 'Q8IC05', 'O97285', 'Q8IE10', 'Q8IAR6', 'O77381', 'Q8IKF0', 'Q8I2X4', 'C0H5H0', 'Q8ILB6', 'Q8IK89', 'Q8I5B3']	True	13	0.0106851561173242	0.369229503541582	5	False	True
71	Q8IJN8	PF3D7_1015800	ribonucleoside-diphosphate reductase small chain, putative	0.13	-3.167	['Q8IM38']	True	1	0.0	0.0026246719160104	5	False	True
72	Q8I484	PF3D7_0501600	rhoptry-associated protein 2	0.13	-3.205	['Q8IJM9', 'A0A5K1K9E5', 'C6KSV8', 'Q8I5J2']	True	4	0.0001363945309409	0.246402145075995	5	True	True
73	Q8IDG3	PF3D7_1353800	proteasome subunit alpha type-4, putative	0.13	-3.135	['C0H4C7', 'Q8I5C4', 'Q8I6T3', 'A0A5K1K7U1', 'C0H5I7', 'O96153', 'O96220', 'Q8IKC9', 'Q8IJM0', 'Q8IJA0', 'Q8II43', 'Q8IDG2', 'O97282', 'Q8IAR3', 'C6KST3', 'Q8I261', 'Q8IK90', 'C6KST5', 'Q8II71', 'A0A5K1K9F3', 'Q8I323', 'Q8IJT1', 'Q8I0U7', 'O77323', 'O77396', 'Q7K6A9', 'Q8I2X4', 'C0H5H0', 'Q8IBI3', 'Q8IJW0', 'C6KT34']	True	31	0.0031019847474368	0.3504491161253595	5	True	True
74	Q8IM03	PF3D7_1409300	DNA damage-inducible protein 1	0.13	-2.861	['Q8II71']	True	1	0.0	0.2489215944121504	5	False	True
75	O97313	PF3D7_0322900	40S ribosomal protein S3A, putative	0.13	-2.796	['C6KT18', 'Q8IEK3', 'Q8IJX8', 'Q8IM10', 'Q8IIM8', 'Q8IET7', 'Q8IDK7', 'Q8IB24', 'Q8ILI2', 'O00806', 'Q8I2H3', 'Q8IJX3', 'C0H5C2', 'Q8I0V2', 'Q8IIV2', 'Q8IDR9', 'Q8IEQ1', 'Q8IIU8', 'Q8I0P6', 'Q8I492', 'Q8IJC6', 'Q8I320', 'Q8IIB4', 'Q8IKW5', 'C6KT19', 'Q8IAX6', 'Q8I3R0', 'Q8IAX8', 'A0A144A3N9', 'O77381', 'Q8IJN7', 'Q8IL02', 'A0A5K1K8V8', 'K7NTP5', 'Q8ILL3', 'Q8ILL2', 'Q8IE84', 'Q8IKV8', 'Q8IAX5', 'Q8IKR1', 'Q8IIA2', 'Q8IKM5', 'Q8IK15', 'Q6ZMA8', 'Q8II61', 'Q8IJ34', 'Q8IIV1', 'Q8IE10', 'Q8I3T8', 'Q8IBV7', 'C0H4A6']	True	51	0.0164259500148796	0.3986549989111623	5	False	True
76	Q8IIW2	PF3D7_1104000	phenylalanine--tRNA ligase beta subunit	0.13	-2.954	['Q8IDZ9']	True	1	0.0	0.201527582231029	5	False	True
77	Q76NM4	PF3D7_1320600	ras-related protein Rab-11A	0.131	-3.076	['Q7K6A5', 'Q8I492', 'C0H516', 'A0A5K1K8H7', 'Q8IC05', 'Q8I6U6', 'Q8IHR8']	True	7	0.0134007545273908	0.2857339428815529	5	True	True
78	Q8I1S0	PF3D7_0416800	small GTP-binding protein sar1	0.131	-2.831	['Q8I5B3', 'O96221', 'A0A143ZY58', 'Q8IB60']	True	4	0.0001038331956278	0.2604621818848963	5	False	True
79	Q7KQJ9	PF3D7_1226600	proliferating cell nuclear antigen 2	0.131	-3.303	['P61074', 'Q8I3A1']	True	2	0.0	0.2327393110278041	5	False	True
80	Q8IKK7	PF3D7_1462800	glyceraldehyde-3-phosphate dehydrogenase	0.132	-2.858	['Q8ILL3', 'Q8ILL2', 'Q8IBY4', 'Q8IEA6', 'Q8IE66', 'O97245', 'Q8I463', 'Q8ID43', 'Q8IIX0', 'Q8IJ34', 'Q8IEK3', 'A0A144A1R5', 'Q8I0V4']	True	13	0.0062204803296448	0.3494430421077748	5	True	True
81	O00806	PF3D7_0309600	60S acidic ribosomal protein P2	0.132	-3.225	['Q8IIB4', 'Q8IAX6', 'Q8I3R0', 'Q8IJX8', 'Q8IIM8', 'Q8IET7', 'Q8IL02', 'Q8ID28', 'Q8ILL3', 'Q8IAX5', 'O97313', 'Q8IIV2', 'Q8IIX0', 'Q8IBY4', 'A0A5K1K8V8', 'K7NTP5', 'Q8IDN6', 'Q8I0P6', 'C6KT23', 'C0H5C2', 'Q8IM10', 'O97249', 'Q8IAX8', 'Q8I0V4', 'A0A144A1R5', 'Q8ILL2', 'Q8IFP2', 'Q8ILK3', 'Q8IKM5', 'Q8IDR9', 'Q8II61', 'Q8IIU8', 'Q8IFM9', 'Q8IKH8', 'Q8I3T8']	True	35	0.0089725005408943	0.3714831932885297	5	False	True
82	Q8IJN9	PF3D7_1015600	heat shock protein 60	0.132	-2.902	['Q8IEA6', 'P27362', 'O96220', 'Q8IE66', 'Q8II43', 'Q8I6U7', 'Q8IL11', 'Q8ID43', 'C6KTA4', 'O97247', 'Q8ILA4', 'C6KST5', 'Q8IFP3', 'Q8II24', 'Q6ZLZ9', 'O77323', 'Q8III6', 'Q8IBR6', 'Q8I2X4', 'Q8IDG2', 'C0H5H0', 'C6KTA3', 'O97282', 'Q8IBS3', 'Q8IJW0', 'Q7KQL9', 'Q8IBI3', 'P61076', 'Q8IKW5', 'Q8I5C4', 'Q8I6T3', 'Q8I566', 'P50250', 'Q8IKT2', 'C0H5I7', 'Q8IC01']	True	36	0.0233769657167386	0.3807799572498693	5	True	True
83	Q8ILI6	PF3D7_1427900	leucine-rich repeat protein	0.132	-3.026	['Q8I5Y9', 'Q76NN6', 'A0A144A3N9', 'Q8I2W3', 'Q8ILB6', 'Q8I5H2', 'Q8I3J0', 'Q8IIR7', 'C0H4U4']	True	9	0.0025653517482968	0.3040532714426516	5	True	True
84	Q8I3N3	PF3D7_0523100	mitochondrial-processing peptidase subunit alpha, putative	0.133	-2.983	['Q8IL75', 'O96252', 'C6KT09', 'Q8I2I2', 'Q8I323']	True	5	0.0015993086568246	0.3050693224750415	5	True	True
85	C0H5C2	PF3D7_1317800	40S ribosomal protein S19	0.133	-2.762	['A0A144A3N9', 'Q8IIB4', 'A0A5K1K8V8', 'Q8IEK3', 'Q8IKW5', 'Q8IAX6', 'Q8I3R0', 'Q8IJX8', 'Q8IIM8', 'Q8IJV6', 'Q8I323', 'Q8IL02', 'Q8ILL3', 'Q76NM6', 'Q8IAX5', 'Q8I603', 'O97313', 'Q8IIA2', 'Q8IK15', 'Q8IIV2', 'K7NTP5', 'C6KT18', 'C0H4A6', 'Q8IBY4', 'Q8I3T8', 'O00806', 'Q8I0P6', 'Q8I492', 'B9ZSJ2', 'Q8IJC6', 'Q8IM10', 'Q8ILV5', 'Q8IET7', 'Q8IDK7', 'O77381', 'Q8IB24', 'Q8IL58', 'Q8ILL2', 'C6KTA4', 'Q8I0V2', 'Q8ILK3', 'Q8IKM5', 'Q8IDB0', 'Q8IDR9', 'Q6ZMA8', 'Q8II61', 'Q8IEQ1', 'Q8IIU8', 'Q8IKH8', 'Q8IIV1', 'C6KT09', 'Q8IE10']	True	52	0.0205656106497291	0.4112252015795323	5	False	True
86	P62203	PF3D7_1434200	calmodulin	0.133	-3.037	['Q8IKV9']	True	1	0.0	0.0026246719160104	5	False	True
87	Q9NLB2	PF3D7_0306300	glutaredoxin 1	0.134	-3.137	['Q8IL80']	True	1	0.0	0.1787410567805309	5	False	True
88	O77323	PF3D7_0308200	T-complex protein 1 subunit eta	0.134	-3.235	['Q8IBR6', 'C6KST3', 'Q8I566', 'C6KST5', 'Q8IBI3', 'Q8II82', 'O97247', 'Q8I5B6', 'Q8II43', 'Q8IDZ8', 'Q6ZLZ9', 'O96220', 'Q8I2X4', 'C0H5H0', 'Q8IJN9', 'Q8IDG2', 'Q8II24', 'Q8IDG3', 'Q8IKC9', 'C0H5I7', 'Q8II61', 'Q8I5C4', 'O97282', 'C6KSV2', 'Q8IFP3', 'Q8IKW5']	True	26	0.0039846949915394	0.3711056697181145	5	False	True
89	Q8IIR9	PF3D7_1108400	casein kinase 2, alpha subunit	0.134	-3.148	['Q76NN6', 'Q8I608']	True	2	0.0	0.2661574190981229	5	False	True
90	C6KT23	PF3D7_0618300	60S ribosomal protein L27a, putative	0.134	-3.121	['Q8IJC6', 'Q8IAX6', 'Q8IJX8', 'C0H4A6', 'Q8IJV6', 'Q8ILL3', 'Q8ILL2', 'C6KT19', 'Q8IIA2', 'A0A5K1K8V8', 'Q8ILK3', 'Q8IKF0', 'Q8IDB0', 'Q8IB14', 'Q8IJ34', 'O00806', 'Q8I431', 'Q9TY99', 'Q8IM10', 'Q8IDK7', 'O77381', 'Q8IL58', 'Q8IKX4', 'Q8IIU8', 'Q8I463']	True	25	0.0022035987587441	0.3393754451697255	5	False	True
91	Q8IET7	PF3D7_1302800	40S ribosomal protein S7, putative	0.134	-2.999	['Q8IKV8', 'O00806', 'O97313', 'Q8I0P6', 'Q8IKR1', 'Q8IAX6', 'C0H4A6', 'Q8IDR9', 'Q8IM10', 'A0A5K1K8V8', 'K7NTP5', 'Q8I3T8', 'Q8ILL2', 'C0H5C2', 'Q8IAX5', 'Q8I603', 'Q8IKM5', 'Q8IB24', 'Q8II61', 'Q8IKH8', 'Q8IAX8', 'Q8IIB4', 'Q8IJX8', 'Q8IIM8']	True	24	0.0022562030063601	0.3597714078843592	5	True	True
92	Q8I5P5	PF3D7_1216200	glycerol-3-phosphate dehydrogenase [NAD(+)], putative	0.135	-3.106	['Q8IKT2', 'Q76NM3', 'Q8IFP3', 'Q6ZLZ9', 'Q8IE66']	True	5	4.994566337351192e-05	0.3050693224750415	5	False	True
93	A0A5K1K7U1	PF3D7_0518300	proteasome subunit beta type-1, putative	0.135	-3.04	['O77396', 'Q8IDG2', 'Q8I261', 'Q8II71', 'Q8IDG3', 'Q8IAR3', 'Q8IKC9', 'Q8I0U7', 'O96153', 'Q8IJW0', 'Q7K6A9', 'Q8I323', 'Q8IK90', 'A0A5K1K9F3', 'Q8IJT1', 'Q8IBI3', 'Q8IJM0', 'Q8IJA0', 'C0H5H0', 'Q8I6T3', 'C6KST3', 'C6KT34']	True	22	0.0016562628915429	0.3368708293382146	5	True	True
94	Q8IIV8	PF3D7_1104400	thioredoxin-like mero protein	0.136	-3.098	['Q8IKB2', 'C0H5H0']	True	2	0.0	0.3066061956361248	5	True	True
95	Q8IEQ1	PF3D7_1306400	26S protease regulatory subunit 10B, putative	0.136	-2.646	['Q8IIA2', 'Q8IJM0', 'Q8IAR6', 'Q7KQL5', 'O97313', 'Q8ILE3', 'Q8I1V1', 'Q8ILI2', 'Q8I2X4', 'C0H5H0', 'Q8I0V4', 'Q8I323', 'Q8I0V2', 'Q8IM10', 'Q8IKW5', 'Q8I5M9', 'Q7K6A5', 'Q8IDB0', 'C0H5C2', 'Q8ILL3', 'Q8IAX5', 'Q8IEK3']	True	22	0.0093574393844772	0.3745312605155125	5	False	True
96	C0H4W2	PF3D7_0819900	U6 snRNA-associated Sm-like protein LSm3, putative	0.137	-3.136	['Q8I3Q7', 'Q76NN6', 'Q8I5V6']	True	3	0.0	0.2665459700749085	5	False	True
97	Q8I2W4	PF3D7_0918900	gamma-glutamylcysteine synthetase	0.137	-2.846	['C0H551']	True	1	0.0	0.0026246719160104	5	False	True
98	A0A5K1K8W5	PF3D7_0513700	secreted ookinete protein, putative	0.137	-3.141	['Q8IKV8', 'Q8I0V2']	True	2	0.000189557448414	0.2933076136567266	5	True	True
99	Q8IKM5	PF3D7_1460700	60S ribosomal protein L27	0.138	-3.337	['Q8IIU8', 'Q8II61', 'Q8IE10', 'Q8IJV6', 'Q8IJC6', 'Q8IIV1', 'Q8IM10', 'C6KT25', 'O77381', 'Q8IBY4', 'A0A5K1K8V8', 'K7NTP5', 'Q8ID28', 'Q8I3T8', 'Q8I431', 'Q8ILL2', 'Q8ILK3', 'Q8IIB4', 'Q8IC05', 'Q8IIV2', 'Q8IKH8', 'Q8IIA2', 'Q8IK15', 'Q8IAX6', 'C0H4A6', 'Q8IAX8', 'Q8IBV7', 'Q8IDR9', 'Q8IKW5', 'Q8IET7', 'Q8I323', 'Q8II24', 'B9ZSJ2', 'Q8IL02', 'Q8IFP2', 'Q8ILL3', 'O00806', 'Q8I3R0', 'O97313', 'Q8I0P6', 'Q8IDB0', 'C0H5C2', 'Q8IAX5', 'Q8IEK3', 'Q8IIM8', 'Q8IB24']	True	46	0.0091191051263353	0.4080089150867315	5	False	True
100	Q8ID28	PF3D7_1368100	26S proteasome regulatory subunit RPN11, putative	0.138	-3.032	['Q8IL02', 'C0H4V6', 'Q8II24', 'Q8ILL3', 'Q8IL58', 'O00806', 'Q8IKH3', 'Q8I3R0', 'Q8ILK3', 'Q8IKM5', 'Q8IJ34', 'O77381', 'Q8IKV8', 'Q8I280', 'Q8I431', 'C0H4A6', 'Q8I4U5']	True	17	0.0049955893169249	0.3559142095542151	5	False	True
101	Q8I608	PF3D7_1203700	nucleosome assembly protein	0.139	-3.031	['Q76NN6', 'Q8I5H2', 'Q8IIR9', 'Q8I2W3']	True	4	0.0001918161038699	0.2665459700749085	5	True	True
102	Q8IL94	PF3D7_1437200	ribonucleoside-diphosphate reductase large subunit, putative	0.14	-2.765	['Q8IDB0', 'Q8IE10', 'Q8IIA2', 'Q8IDK7']	True	4	0.0	0.310253168226529	5	False	True
103	Q8I3M5	PF3D7_0524000	karyopherin beta	0.14	-2.943	['Q8IAY9', 'O77312', 'Q8IC01', 'Q8IIV1', 'Q8ILI2']	True	5	0.0084393810259423	0.310253168226529	5	True	True
104	Q8IC01	PF3D7_0708800	heat shock protein 110	0.14	-2.848	['Q8IDK7', 'Q6ZMA8', 'Q8I5C4', 'Q8III6', 'C6KST5', 'Q8I2J3', 'O96220', 'Q8IHY0', 'Q8IL11', 'Q8IJM0', 'O97282', 'Q8IKW5', 'Q76NM3', 'Q8I3M5', 'C6KTA4', 'A0A5K1K963', 'A0A5K1K9F3', 'Q8I323', 'Q8IIJ6', 'Q8IDE7', 'Q8ILC1', 'Q8I2X4', 'Q8II43', 'C0H5H0', 'A0A5K1K8Y8', 'Q8IB24', 'Q8I3A1', 'Q8IJW0', 'Q8I3J0', 'Q8IJN9']	True	30	0.033575446613377	0.3827756593318916	5	True	True
105	Q8I0U8	PF3D7_0930300	merozoite surface protein 1	0.141	-3.197	['Q8I4T3', 'Q8IIX5', 'Q8IBB9', 'Q8II72', 'Q8I492', 'Q8I2F2', 'Q8I6U6', 'Q8IFM0']	True	8	0.0025106521968913	0.2798222061322794	5	False	True
106	O96252	PF3D7_0217100	ATP synthase subunit alpha, mitochondrial	0.141	-2.779	['C6KT09', 'Q8IKH8', 'Q8I3N3', 'Q8IIM8', 'Q8IBN4', 'C6S3G2', 'Q8I0V2']	True	7	0.0010089147926267	0.310253168226529	5	True	True
107	P27362	PF3D7_0922500	phosphoglycerate kinase	0.141	-3.358	['Q8IJN9', 'Q76NN6', 'Q8IIR8', 'Q8II24', 'Q8IKT2', 'Q8II61']	True	6	0.0021878799151622	0.3365603493111748	5	False	True
108	Q8I2H3	PF3D7_0934500	V-type proton ATPase subunit E, putative	0.141	-2.871	['Q6ZMA8', 'O97313', 'Q8IDS0', 'Q8IE84', 'Q8I0V4']	True	5	0.000376141058992	0.3015425094984514	5	True	True
109	Q8IAX5	PF3D7_0813900	40S ribosomal protein S16, putative	0.141	-3.879	['Q8IE10', 'C6KT19', 'C6KT25', 'Q8IIB4', 'Q8IEK3', 'Q8IKW5', 'Q8IAX6', 'A0A5K1K8V8', 'K7NTP5', 'Q8IJX8', 'Q8I3T8', 'Q8IIM8', 'A0A5K1K910', 'Q8IJV6', 'O00806', 'Q8I3R0', 'Q8IL02', 'Q8ILL3', 'C0H5C2', 'Q8ILI2', 'Q8IKR1', 'Q8IIA2', 'Q8IKP1', 'Q8IK15', 'Q8IIV2', 'Q8IBY4', 'C6KTA4', 'Q8IBV7', 'A0A144A3N9', 'O77381', 'Q8IJC6', 'B9ZSJ2', 'Q8IM10', 'Q8IET7', 'Q8IDK7', 'Q8IAX8', 'Q8I623', 'Q8IJN7', 'O97313', 'Q8IB24', 'Q8I0P6', 'Q8ILL2', 'Q8I492', 'C0H5H0', 'Q8IJX3', 'O97285', 'Q8IIK8', 'Q8IKM5', 'Q8IDR9', 'C0H4A6', 'Q8II61', 'Q8IEQ1', 'Q8IIU8', 'Q8IIA4', 'C6KT18', 'Q8IDJ8', 'Q8IKH8', 'Q8IIV1']	True	58	0.0338845068834037	0.4261003255573216	5	False	True
110	Q8IBY4	PF3D7_0710600	60S ribosomal protein L34	0.142	-2.729	['Q8IL02', 'Q8IAX6', 'Q8ILL3', 'Q8IL58', 'Q8I2F2', 'Q8IAX8', 'Q8IKK7', 'C6KT18', 'Q8IIA2', 'Q8ILK3', 'C6KT19', 'Q8IKM5', 'Q8IDB0', 'Q6ZMA7', 'A0A5K1K8V8', 'Q8IKH8', 'K7NTP5', 'Q8IIV1', 'Q8I0V2', 'Q8I3T8', 'Q8IE10', 'O00806', 'Q8I3R0', 'Q8IB31', 'Q8I487', 'C0H5C2', 'Q9TY99', 'Q8IIB4', 'Q8IJX8', 'Q8IAX5', 'Q8IDK7', 'O97320', 'Q8ILI2', 'Q8IIX0', 'O77381', 'Q8IIU8', 'Q8I431', 'Q8IJC6', 'Q8I0P6', 'Q8IM10', 'Q8I492', 'Q8IJV6']	True	42	0.0072007531537599	0.3696032176139925	5	False	True
111	Q8IJM0	PF3D7_1017900	26S proteasome regulatory subunit p55, putative	0.143	-3.288	['Q8IJW0', 'Q8IJA0', 'Q8IEQ1', 'A0A5K1K9F3', 'Q8I323', 'Q8IDG3', 'Q8IKH3', 'Q8IC01', 'Q8ILC1', 'Q7K6A9', 'Q8IEK3', 'Q8IBI3', 'Q8IC05', 'C6KST3', 'Q8I261', 'Q8II71', 'Q8IAR6', 'A0A5K1K7U1', 'Q8IIJ6', 'Q8I1V1', 'Q8IDG2', 'C0H5H0']	True	22	0.00479998392599	0.3651679790026246	5	False	True
112	Q8I246	PF3D7_0109800	phenylalanine--tRNA ligase alpha subunit	0.143	-3.147	['Q8IBS3']	True	1	0.0	0.2222568344507758	5	False	True
113	Q8ILX1	PF3D7_1412300	nuclear transport factor 2, putative	0.143	-3.281	['Q8I5B3', 'Q8IAM2']	True	2	0.0006942059976277	0.2553622230787585	5	False	True
114	C0H5H0	PF3D7_1344200	endoplasmic reticulum chaperone GRP170	0.143	-2.839	['O97282', 'Q8II43', 'Q8IFP3', 'Q8ILP6', 'C6KST3', 'Q8IEK3', 'C0H4U4', 'Q8I323', 'Q8ILE3', 'Q8IDG2', 'Q8IKB2', 'A0A5K1K963', 'A0A5K1K9F3', 'Q8IB24', 'Q8ILI2', 'Q8II71', 'Q8IIJ6', 'Q8IDE7', 'Q8IBI3', 'Q8I0V2', 'Q8IKS0', 'Q8IIF0', 'Q8I2Q0', 'K7NTP5', 'Q8IM24', 'Q8IDR9', 'Q8I3I6', 'O77323', 'Q8IEQ1', 'C0H4Y6', 'Q8IEP9', 'O96221', 'O96220', 'Q8I0P6', 'Q8II72', 'Q8I2X4', 'A0A143ZZK9', 'Q8IJW0', 'Q8IM10', 'Q8I2J3', 'Q7K6A9', 'Q8IKW5', 'Q8IIV8', 'Q8IK83', 'Q8IJN9', 'Q8IDK7', 'C0H5I7', 'Q8III6', 'A0A144A3N9', 'Q8II24', 'Q8I252', 'C6KST5', 'O96230', 'Q8ILP3', 'A0A5K1K7U1', 'Q8IKH3', 'Q8IDG3', 'Q8IAX5', 'Q8IC01', 'C6KTA4', 'A0A5K1K967', 'Q8IKP1', 'Q8ILC1', 'Q8IJM0', 'Q8I1V1', 'Q8IM45', 'Q8I5C4', 'Q8IJA0', 'Q8IDJ8']	True	69	0.1485603329099958	0.4453268036617374	5	True	True
115	Q8IAR6	PF3D7_0807800	26S proteasome regulatory subunit RPN10, putative	0.144	-2.93	['Q8I323', 'Q8IEQ1', 'Q8IKH3', 'Q8IC05', 'Q8IKP1', 'Q8IJM0', 'Q8I1V1']	True	7	0.0001393527575114	0.3192027788484481	5	False	True
116	Q8IK07	PF3D7_1002900	conserved Plasmodium protein, unknown function	0.147	0.0	['Q8I485', 'Q8IKC8']	True	2	0.0022709954589811	0.2233443296652138	5	True	True
117	C6KTA4	PF3D7_0626800	pyruvate kinase	0.147	-2.921	['A0A144A3N9', 'Q8IIU8', 'C0H5I7', 'Q8I2X4', 'Q8IJC6', 'Q8IKW5', 'Q8IJN9', 'Q8IAX5', 'Q8IC01', 'Q8ILK3', 'Q8IDR9', 'Q8I5C4', 'O97282', 'Q8II43', 'Q8IJI7', 'C0H5C2', 'C0H5H0', 'Q8IB24']	True	18	0.0073873130087776	0.3864211418017192	5	True	True
118	Q8I0V4	PF3D7_1222300	endoplasmin, putative	0.148	-2.824	['Q8ILK3', 'Q8IKF0', 'Q8IB14', 'Q8I463', 'A0A144A1R5', 'O97249', 'Q8III5', 'Q7KQL5', 'O00806', 'Q8IEQ1', 'Q8I320', 'Q8IJN7', 'Q8IKK7', 'Q8I2H3']	True	14	0.011998905515031	0.3283884703261013	5	True	True
119	Q8IDB8	PF3D7_1358700	YOP1-like protein, putative	0.148	-2.98	['Q8II36']	True	1	0.0	0.1994363620986481	5	False	True
120	Q8IAU7	PF3D7_0811200	ER membrane protein complex subunit 1, putative	0.148	-3.234	['Q8I2W2', 'Q8IEC8']	True	2	0.0	0.2205120646151115	5	False	True
121	Q8I5Y9	PF3D7_1205600	tetratricopeptide repeat protein, putative	0.149	-2.679	['C0H4V6', 'Q8ILB6', 'Q8ILI6', 'Q8IDN4', 'Q76NN6', 'Q8I5H2']	True	6	0.0004265154579104	0.278117272660034	5	False	True
122	Q8I5H4	PF3D7_1224300	polyadenylate-binding protein 1, putative	0.149	-2.725	['Q8IAX8', 'Q8IB24', 'Q7KQL5', 'O97266', 'Q8I0P6', 'Q8IIV2', 'Q8I2X4', 'Q8IDB0', 'Q8IIV1', 'C6KT19', 'Q8IJX8', 'Q8ILZ7', 'Q8IIM8', 'Q8IL02', 'A0A5K1K8V8', 'K7NTP5', 'Q8IK89', 'Q8IBV7', 'O97285', 'Q8IC43']	True	20	0.0112126821035919	0.3548765587974973	5	True	True
123	Q8ILL2	PF3D7_1424400	60S ribosomal protein L7-3, putative	0.15	-2.895	['C6KT19', 'Q8IKK7', 'Q8IJN7', 'Q8ILK3', 'A0A5K1K8V8', 'K7NTP5', 'Q8I3T8', 'C6KT23', 'Q8IJX8', 'Q8IIB4', 'Q8IKM5', 'Q8IKH8', 'Q8I463', 'Q8II61', 'Q8IAX6', 'Q8IAX8', 'Q8IBV7', 'Q8IJ34', 'Q8IIV1', 'Q8IDR9', 'Q8IET7', 'O00806', 'O97313', 'Q8I0P6', 'C0H5C2', 'Q8IAX5', 'Q8IJX3', 'Q8IIM8', 'Q8IIV2', 'Q8IE10', 'C6KT18', 'Q8IM10']	True	32	0.0023589886699015	0.3688565444470956	5	False	True
124	C0H516	PF3D7_0903200	ras-related protein RAB7	0.151	-3.106	['Q76NM4', 'Q8I3W9', 'Q8IHR8']	True	3	0.0001412849911246	0.2227992550351584	5	False	True
125	Q8I5C4	PF3D7_1229500	T-complex protein 1 subunit gamma	0.151	-2.822	['Q8IDG3', 'Q7KQL9', 'Q8IC01', 'Q8IKT2', 'Q8IKC9', 'C0H5I7', 'Q8I0U7', 'Q8IKW5', 'O96220', 'Q8IK90', 'Q8IJT1', 'C6KST3', 'Q8IAR3', 'Q8IBI3', 'C6KTA4', 'O97247', 'C6KST5', 'Q8I6T3', 'Q8II43', 'Q8IFP3', 'Q8I323', 'Q6ZLZ9', 'Q8IDF6', 'O77323', 'Q8IJN9', 'Q8IDG2', 'Q8ILA4', 'Q8I2X4', 'Q8II24', 'C0H5H0', 'O97282']	True	31	0.0060610150826768	0.3722405494420231	5	False	True
126	C6KSV2	PF3D7_0610700	conserved Plasmodium protein, unknown function	0.151	-2.902	['Q8IL48', 'Q8II61', 'O97282', 'Q8II43', 'Q76NN6', 'O77323', 'Q8I5B6', 'Q6ZLZ9']	True	8	0.0002697326826892	0.3328787411145165	5	True	True
127	Q8III6	PF3D7_1118200	heat shock protein 90, putative	0.151	-2.791	['Q8IC01', 'Q8ILC1', 'Q8IJW0', 'A0A5K1K963', 'Q8I323', 'Q8II24', 'Q8IJN9', 'Q8IDE7', 'Q8I2X4', 'C0H5H0']	True	10	0.0004627173136903	0.3477790276215473	5	True	True
128	Q8II36	PF3D7_1132800	aquaglyceroporin	0.151	-2.791	['Q8IDB8', 'O77312', 'A0A144A1R5']	True	3	0.0056081446593701	0.2502864832094754	5	True	True
129	Q8I3A4	PF3D7_0904500	prefoldin subunit 4, putative	0.153	-2.753	['Q8ILS7', 'C0H4C7', 'Q8I3Y6', 'Q8IBR6', 'Q8IBZ4', 'Q8II82']	True	6	0.0051388313302942	0.2613944015766819	5	False	True
130	Q8IAW0	PF3D7_0812400	karyopherin alpha	0.153	-2.927	['Q76NN6']	True	1	0.0	0.2657699992741082	5	False	True
131	Q8IEC8	PF3D7_1318800	translocation protein SEC63, putative	0.154	-2.828	['Q8IL86', 'Q8I2W2', 'Q8IAU7']	True	3	0.0051388313302942	0.2206453045333079	5	True	True
132	O97319	PF3D7_0319600	elongation factor 1-delta, putative	0.155	-2.75	['Q8ILL3', 'O77381', 'Q8I431']	True	3	0.0	0.2976104148350649	5	False	True
133	Q7KQL8	PF3D7_1457200	thioredoxin 1	0.156	-2.728	['Q8IAM2', 'Q8IL80']	True	2	0.0	0.2184019013173592	5	False	True
134	Q8II71	PF3D7_1129200	26S proteasome regulatory subunit RPN7, putative	0.157	-2.738	['Q8IIJ6', 'A0A5K1K7U1', 'Q7K6A9', 'Q8IDG2', 'Q8IJW0', 'C0H5H0', 'Q8IBI3', 'Q8IM03', 'A0A5K1K9F3', 'Q8I323', 'Q8IDG3', 'Q8IJM0', 'Q8IJA0', 'C6KST3', 'Q8I261']	True	15	0.0052086523286579	0.3334867388151823	5	False	True
135	Q6ZMA7	PF3D7_0406200	parasitophorous vacuole membrane protein S16	0.158	0.0	['Q8IL02', 'Q8I2X3', 'Q8I2F2', 'Q8IIA2', 'Q8IDB0', 'C0H571', 'Q8IBN4', 'Q8IBY4', 'Q8IIV1', 'Q8IEU2', 'Q8IFM0', 'Q7KQL5', 'Q8IBV7', 'Q8IJM9', 'Q9TY99', 'Q8IIM8', 'Q8IB24', 'Q8IIX5', 'Q8IJ76', 'Q8IIV2', 'Q8IIF0', 'Q8IBB9', 'C6KT19', 'Q8IM45', 'Q8IC43', 'Q8I0P6', 'Q8II72', 'K7NTP5', 'Q8I2F4', 'Q8IJC6', 'Q8I3R0', 'Q8IKY4']	True	32	0.0243335485487338	0.3601262120341466	5	False	True
136	A0A5K1K9E5	PF3D7_0801400	conserved Plasmodium protein, unknown function	0.158	-2.559	['Q8I0V2', 'Q8IEU2', 'Q8I484', 'Q8IDR9', 'Q8IAX6', 'C0H571']	True	6	0.0028809541169334	0.3129117215103896	5	True	True
137	C6KT55	PF3D7_0621800	nascent polypeptide-associated complex subunit alpha, putative	0.159	-2.92	['Q8ILS7', 'Q76NN6']	True	2	9.863948425904492e-05	0.2677184596793436	5	False	True
138	Q76NM3	PF3D7_1324900	L-lactate dehydrogenase	0.159	-2.887	['Q8I5B6', 'Q8IE66', 'Q8III8', 'Q8IK90', 'Q8I5P5', 'A0A144A3N9', 'Q8I566', 'Q8IC01', 'C6KST3', 'Q76NN6', 'Q8I261']	True	11	0.0035710174662983	0.3347094216339364	5	True	True
139	Q8I2W2	PF3D7_0919100	DnaJ protein, putative	0.16	-2.748	['Q8IAU7', 'Q8II24', 'Q8IEC8']	True	3	0.0153336096145876	0.2839564377936428	5	True	True
140	O97320	PF3D7_0320900	histone H2A.Z	0.16	-3.448	['Q8IDB0', 'Q8I463', 'Q7KQL5', 'Q8IL02', 'Q8IB31', 'Q8IBY4', 'Q8IBV7', 'C6KT19']	True	8	0.0001704391378946	0.3131800849079114	5	True	True
141	Q8IJ28	PF3D7_1038000	antigen UB05	0.161	-3.19	['Q8IJM9', 'C6KSV8']	True	2	2.7424977450574097e-05	0.240400249507982	5	False	True
143	C6KTA3	PF3D7_0626700	ATPase	0.163	-2.643	['A0A5K1K967', 'Q8IFP3', 'Q8ILQ7', 'Q8IL48', 'Q8I566', 'Q8I5B6', 'C6KT25', 'Q8I0X1', 'Q8IJN9', 'Q8ILA4', 'P61076', 'Q8IDN4', 'Q8IKT2', 'Q8IAM2', 'Q8IL11']	True	15	0.0087666038273576	0.3248825435966412	5	False	True
144	Q8IIX0	PF3D7_1103100	60S acidic ribosomal protein P1, putative	0.165	-3.15	['Q8ILK3', 'Q8I463', 'A0A144A1R5', 'O97249', 'O00806', 'Q8IKK7', 'Q8I320', 'Q8IKH8', 'Q8IBY4', 'Q8IL02']	True	10	0.0003020694690512	0.3115767738930244	5	False	True
145	Q8ILL3	PF3D7_1424100	60S ribosomal protein L5, putative	0.166	-2.702	['Q8IKK7', 'Q8I4U5', 'Q8II24', 'C6KT25', 'Q8IBY4', 'K7NTP5', 'Q8ID28', 'Q8I3T8', 'O00806', 'Q8I3R0', 'C6KT23', 'Q8IKR1', 'Q8IDB0', 'Q8I487', 'C0H5C2', 'Q8IAX5', 'A0A5K1K8Y8', 'Q8IEK3', 'Q8IDJ8', 'Q8IIB4', 'Q8IB24', 'Q8IIU8', 'Q8IE10', 'O97319', 'Q6ZMA8', 'Q8IKW5', 'Q8IJC6', 'Q8IIV1', 'Q8I566', 'Q8ILI2', 'O77381', 'Q8ILK3', 'Q8IM10', 'Q8I431', 'Q8IL02', 'Q8IK83', 'O97313', 'Q8I0P6', 'Q8IC43', 'Q8IKM5', 'Q8IIA2', 'Q8I320', 'Q8IDK7', 'C0H4A6', 'Q8IAX8', 'Q8IEQ1', 'Q8IJ34', 'Q8IDR9']	True	48	0.0124242773852143	0.3860126627934722	5	False	True
146	Q8IDG2	PF3D7_1353900	proteasome subunit alpha type-7, putative	0.167	-2.941	['Q8II43', 'A0A5K1K7U1', 'C0H5I7', 'C0H5H0', 'O97282', 'Q8IAR3', 'Q8II71', 'Q8IDG3', 'C6KT34', 'Q8IKC9', 'Q8I6T3', 'A0A5K1K9F3', 'Q8I323', 'Q8I0U7', 'O77323', 'Q8IJW0', 'O77396', 'O96153', 'O96220', 'Q8IJN9', 'Q7K6A9', 'Q8IK90', 'Q8IBI3', 'C6KST3', 'Q8I261', 'Q8IJT1', 'C0H4C7', 'Q8I5C4', 'C6KST5', 'Q8IJM0', 'Q8IJA0']	True	31	0.0030096121856562	0.3514610000025261	5	True	True
147	Q8IDB0	PF3D7_1358800	40S ribosomal protein S15	0.168	-3.402	['O97320', 'Q8IL94', 'Q8IJC6', 'Q8IIB4', 'Q8IJV6', 'C6KT19', 'Q8IL02', 'Q8ILL3', 'Q6ZMA7', 'C6KT25', 'Q8IBY4', 'A0A5K1K8V8', 'K7NTP5', 'Q8I3T8', 'Q8IIA2', 'Q8ILK3', 'Q8IKF0', 'Q8I431', 'C6KT23', 'Q8I5H4', 'Q8I487', 'Q8I1V1', 'Q8IJ34', 'Q8IE10', 'Q8IC05', 'Q8I463', 'A0A144A1R5', 'Q9TY99', 'Q8IAX6', 'Q8IM10', 'C0H4A6', 'Q8IAX8', 'Q8IDK7', 'O77381', 'Q8IL58', 'Q76NM6', 'Q7KQL5', 'Q8I0V2', 'Q8IFP2', 'Q8I3R0', 'Q8I0P6', 'Q8IKM5', 'Q8IB31', 'C0H5C2', 'Q8IEQ1', 'Q8IIU8', 'Q8IE66', 'Q8IKH8', 'Q8IIV1']	True	49	0.0162640093146431	0.3930764036626746	5	False	True
148	Q8IL86	PF3D7_1438100	translocation protein SEC62, putative	0.169	-2.953	['Q8IEC8']	True	1	0.0	0.1801519383338059	5	False	True
149	Q8IAX6	PF3D7_0814000	60S ribosomal protein L13-2, putative	0.169	-2.534	['O00806', 'Q8I3R0', 'Q8IIV2', 'C6KT23', 'Q8IBY4', 'C0H5C2', 'Q8I2X4', 'Q8IAX5', 'Q8IC43', 'Q8IJC6', 'Q8IM10', 'Q8IET7', 'Q8IL58', 'Q8ILL2', 'Q8ILK3', 'Q8IKM5', 'Q8IDB0', 'Q8IDR9', 'O97313', 'Q8II61', 'Q8IIU8', 'Q8I0P6', 'Q8IKH8', 'Q8IE10', 'Q8IL75', 'Q8IIB4', 'A0A5K1K9E5', 'C6KT18', 'Q8IL02', 'A0A5K1K8V8', 'Q8IIA2', 'Q8I3T8']	True	32	0.0043538685010801	0.3784124134742224	5	False	True
150	Q8IB60	PF3D7_0822600	protein transport protein SEC23	0.172	-2.889	['O96221', 'Q8IKW5', 'Q8I5B3', 'Q8I1S0']	True	4	0.0013798052557365	0.3048146736248953	5	False	True
151	Q8IM55	PF3D7_1403900	serine/threonine protein phosphatase CPPED1, putative	0.172	-2.825	['Q76NN6', 'Q8IFP3']	True	2	0.0	0.293779548674678	5	True	True
152	Q8I2X4	PF3D7_0917900	heat shock protein 70	0.173	-2.68	['Q8II43', 'Q8I1V1', 'Q8IFP3', 'Q8IKW5', 'Q8IAX6', 'Q8IJX8', 'C6KST3', 'Q8II80', 'Q8I323', 'Q8ILA4', 'C6KTA4', 'C6KST5', 'Q8ILI2', 'Q8I566', 'Q8I5H4', 'A0A5K1K9F3', 'Q8IBI3', 'Q7KQL5', 'O77323', 'Q8I3I6', 'Q8IEQ1', 'Q8IJW0', 'C0H5H0', 'O97282', 'C0H4Y6', 'Q8IJN9', 'Q8III6', 'Q8IL58', 'Q8ILP3', 'Q8IDG3', 'Q8IC01', 'Q8IC05', 'Q8IKP1', 'C0H5I7', 'A0A5K1K967', 'Q8ILC1', 'O96220', 'Q8I5C4']	True	38	0.0308244463166788	0.4043942181645898	5	True	True
153	Q8II43	PF3D7_1132200	T-complex protein 1 subunit alpha	0.174	-2.998	['Q8I2X4', 'Q8IDG2', 'C0H5H0', 'O97282', 'Q8IAR3', 'Q7KQL9', 'Q8IJN9', 'C6KT34', 'Q8IFP3', 'Q8I6T3', 'Q76NN6', 'Q8I323', 'Q8IDG3', 'Q8II24', 'Q8IKC9', 'Q8II61', 'O77323', 'O96220', 'C6KSV2', 'Q8IKW5', 'Q8I5B6', 'Q8IBI3', 'Q8IDZ8', 'C6KST3', 'Q8IK90', 'C6KTA4', 'O97247', 'Q8I5C4', 'C6KST5', 'Q8IJT1', 'C0H5I7', 'Q8II82', 'Q8IC01', 'Q8IE66', 'Q6ZLZ9', 'Q8IBR6', 'Q8IJW0']	True	37	0.0167308614854153	0.396060714753389	5	True	True
154	A0A5K1K9E9	PF3D7_1326000	respiratory chain complex 3 associated protein 2	0.175	-2.737	['C6KSV8']	True	1	0.0	0.2299546467270936	5	False	True
155	Q76NL8	PF3D7_1360800	falcilysin	0.177	-3.277	['Q8III5']	True	1	0.0	0.19696223247175	5	False	True
156	Q8ILA4	PF3D7_1436000	glucose-6-phosphate isomerase	0.177	-3.115	['Q8IDF6', 'Q6ZLZ9', 'Q8I2X4', 'O97282', 'Q8ID43', 'Q8IJN9', 'Q8IFP3', 'Q8II24', 'C6KTA3', 'Q8IKT2', 'Q8I5C4', 'C6KST5', 'Q8I566']	True	13	0.0006746446908318	0.3310679773369217	5	False	True
157	Q8I2F4	PF3D7_0936600	gametocyte exported protein 5	0.178	-3.293	['Q8IIX5', 'Q8I490', 'Q8IJ76', 'Q8IIF0', 'Q8IJF6', 'Q8II72', 'Q8I2F2', 'Q8IFM0', 'Q6ZMA7', 'Q9TY99']	True	10	0.0002527850252015	0.2866310667210554	5	True	True
158	Q8I431	PF3D7_0507100	60S ribosomal protein L4	0.178	-2.643	['Q8I1V1', 'Q8IJV6', 'Q8II24', 'Q8I320', 'C0H4A6', 'Q8I487', 'Q8IIA2', 'Q8ILK3', 'Q8IKM5', 'Q8IK15', 'C6KT19', 'Q8IDB0', 'Q8IDR9', 'Q8II61', 'Q8IJ34', 'Q8I3T8', 'C6KT23', 'Q8IIB4', 'Q8IEK3', 'Q8IL02', 'Q8ID28', 'Q8ILL3', 'Q8IB24', 'Q8IKR1', 'O97319', 'Q8IBY4', 'O77381', 'Q8IDN6', 'Q6ZLZ9']	True	29	0.0096068797831916	0.373001000002681	5	False	True
159	Q8IJ34	PF3D7_1037300	ADP,ATP carrier protein 1	0.178	-2.537	['Q8ID28', 'Q8IJC6', 'Q8I431', 'C6KT23', 'Q8IDB0', 'Q8IJN7', 'Q8ILL2', 'Q8IC05', 'Q8IKK7', 'Q8I463', 'A0A144A1R5', 'Q8IKH8', 'O77381', 'O97249', 'Q8I623', 'O97313', 'Q8ILL3']	True	17	0.0015974668400726	0.3356323336421182	5	True	True
160	Q8IBR6	PF3D7_0718500	prefoldin subunit 3, putative	0.18	-3.36	['Q6ZLZ9', 'Q8ILS7', 'O77323', 'Q8II82', 'C0H4C7', 'Q8I3Y6', 'Q76NN6', 'C0H5I7', 'Q8IJN9', 'Q8I3A4', 'O97282', 'O97247', 'C6KST5', 'Q8II43', 'Q8IFP3']	True	15	0.0050881651150656	0.3172614934862073	5	False	True
161	Q8IJS2	PF3D7_1012300	cytochrome b-c1 complex subunit 7, putative	0.18	-2.624	['Q76NM6', 'Q7KQL5', 'Q8IFP2', 'Q8I2I2', 'O77381', 'C0H4A6']	True	6	0.0009829461807234	0.3153436778951854	5	False	True
162	O96220	PF3D7_0214000	T-complex protein 1 subunit theta	0.182	-3.405	['Q8IJN9', 'C6KST3', 'Q8IK90', 'Q8II24', 'Q8IDG3', 'Q8IC01', 'C6KST5', 'Q8IKC9', 'Q8II61', 'Q8I5C4', 'O97282', 'Q8I6T3', 'Q8II43', 'O77323', 'Q8IDZ8', 'C0H5H0', 'Q8IDG2', 'C6KT34', 'Q8IJT1', 'Q8IAR3', 'Q8IBI3', 'Q8II82', 'O97247', 'Q8I5B6', 'C0H5I7', 'Q8I0U7', 'Q8I2X4', 'Q8IJW0']	True	28	0.0046232474408773	0.3673722122762823	5	False	True
163	Q8II24	PF3D7_1134000	heat shock protein 70	0.182	-2.879	['O77381', 'Q8ILL3', 'Q8ID28', 'C0H5I7', 'Q8IEA6', 'O96220', 'Q6ZLZ9', 'Q8I431', 'O97227', 'Q8II43', 'O97282', 'Q8I2W2', 'Q8IJW0', 'Q8IDK7', 'C6KST5', 'Q8IFP3', 'Q8IJN9', 'Q8ILA4', 'Q8III6', 'A0A5K1K9F3', 'Q8I323', 'C0H4V6', 'O77323', 'P27362', 'Q8IKT2', 'Q8ILK3', 'Q8IKM5', 'C0H5H0', 'C6KT76', 'Q7KQL9', 'Q8IB24', 'P61076', 'Q8IES0', 'O97247', 'Q8I5C4']	True	35	0.0478857696880162	0.3969217163072007	5	True	True
164	Q8IBB9	PF3D7_0828800	GPI-anchored micronemal antigen	0.183	-3.301	['Q8IJM9', 'Q8I0U8', 'Q8II72', 'Q6ZMA7', 'Q8ILZ1']	True	5	0.0077489559129448	0.2824191639618133	5	False	True
165	Q8I0P6	PF3D7_1357000	elongation factor 1-alpha	0.184	-2.892	['Q8IIB4', 'Q8IEK3', 'Q8IJX8', 'Q8IM10', 'Q8IIM8', 'Q8IET7', 'A0A143ZY58', 'Q8I323', 'Q8IDK7', 'Q8IB24', 'C0H4A6', 'Q8ILI2', 'Q6ZMA8', 'Q8I5H4', 'O77381', 'Q8IFP2', 'Q8I0V2', 'Q8IDR9', 'Q8IIU8', 'O00806', 'Q8IFM9', 'Q8IKH8', 'O97313', 'C0H5C2', 'Q8IJC6', 'C0H5H0', 'Q8I320', 'Q8IAX6', 'Q8I3R0', 'Q8IL02', 'Q8ILL3', 'Q8IL58', 'Q8ILL2', 'Q8IAX5', 'Q8I2X3', 'Q8IIA2', 'Q8ILK3', 'A0A144A3N9', 'Q6ZMA7', 'C6KT25', 'Q8IKM5', 'Q8IM15', 'Q8IDB0', 'Q76NM6', 'A0A5K1K8V8', 'Q76NN7', 'K7NTP5', 'Q8II61', 'Q8IBY4', 'Q8IE10', 'Q8I3T8']	True	51	0.0223256640491004	0.416383100345068	5	True	True
167	Q8IM66	PF3D7_1402300	26S proteasome regulatory subunit RPN6	0.185	-2.939	['O96153', 'Q8IKH3', 'Q8IEK3']	True	3	0.0001382434032681	0.2961621889721206	5	False	True
168	A0A5K1K9F3	PF3D7_1338100	26S proteasome regulatory subunit RPN3, putative	0.189	-2.887	['Q8IBI3', 'Q8ILC1', 'Q8IJM0', 'Q8IJA0', 'C0H5H0', 'Q8I2X4', 'Q8IDG2', 'Q8I261', 'Q8II24', 'Q8II71', 'Q8IDG3', 'Q8IC01', 'Q8IIJ6', 'A0A5K1K7U1', 'Q8IJW0', 'C6KST3', 'Q7K6A9', 'Q8I323']	True	18	0.0009574367264013	0.3559142095542151	5	False	True
169	Q8IHY0	PF3D7_1138500	protein phosphatase PPM2, protein phosphatase 2C	0.19	-2.797	['Q8IC01']	True	1	0.0	0.2753906327319945	5	False	True
170	Q8I546	PF3D7_1237700	conserved protein, unknown function	0.19	-3.369	['Q8ILB6', 'C6KT18', 'O77389', 'Q8IFM9', 'A0A144A1R5']	True	5	0.0035796427038993	0.2995635594771326	5	True	True
171	O77396	PF3D7_0317000	proteasome subunit alpha type-3, putative	0.191	-2.809	['A0A5K1K7U1', 'Q8IK90', 'Q8IJT1', 'Q8IAR3', 'Q8IAV6', 'Q8IBI3', 'C6KST3', 'Q8I6T3', 'C6KST5', 'Q8IJW0', 'Q8IDG2', 'Q8I261', 'Q8IDG3', 'Q8IKC9', 'C6KT34', 'Q8I0U7', 'O96153', 'C0H4C7', 'Q7K6A9']	True	19	0.0052702642133733	0.2886703391325096	5	True	True
172	Q8I1V1	PF3D7_0413600	26S protease regulatory subunit 6B, putative	0.191	-2.71	['Q8I2X4', 'Q8I431', 'Q8I5M9', 'Q8IC05', 'Q7K6A5', 'Q8IDB0', 'Q8IEQ1', 'Q8IKH8', 'Q8IEK3', 'Q8I323', 'Q8ILE3', 'Q8ILI2', 'Q8IAR6', 'Q7KQL5', 'Q8IJM0', 'C0H5H0', 'Q8I3T8']	True	17	0.0045761223675227	0.3594173021679376	5	True	True
173	O97247	PF3D7_0306800	T-complex protein 1 subunit beta	0.191	-2.7	['C6KST3', 'C6KST5', 'Q6ZLZ9', 'Q8IJW0', 'Q8IJN9', 'O77323', 'Q8IKT2', 'Q8II61', 'C6KT34', 'Q8I5C4', 'O97282', 'Q8I6T3', 'Q8II43', 'Q7KQL5', 'Q8IFP3', 'C0H5I7', 'Q8IBR6', 'Q7KQL9', 'O96220', 'Q8II24', 'Q8ID43']	True	21	0.0038112130998009	0.3601262120341466	5	True	True
174	P50250	PF3D7_0520900	adenosylhomocysteinase	0.194	-2.678	['Q8IFP3', 'Q8I3X4', 'Q8IIR8', 'Q8IKT2', 'Q8ILT0', 'Q7KQL5', 'C6KT25', 'Q8IKW5', 'Q8IJN9']	True	9	0.0031201383624189	0.3419175833357909	5	False	True
175	Q8IK90	PF3D7_1474800	proteasome subunit alpha type-1, putative	0.196	-2.545	['Q8I0U7', 'O77396', 'O96153', 'O96220', 'Q7K6A9', 'Q8IBI3', 'C6KST3', 'Q76NM3', 'Q8IJT1', 'C0H4C7', 'Q8I5C4', 'C6KST5', 'Q8IDG3', 'Q8IKC9', 'A0A5K1K7U1', 'C0H5I7', 'Q8II43', 'Q8IDG2', 'Q8IJW0', 'O97282', 'Q8IAR3', 'Q8I261', 'C6KT34', 'Q8I6T3']	True	24	0.0005727672272507	0.303547779719555	5	True	True
176	Q8I2U5	PF3D7_0920800	inosine-5'-monophosphate dehydrogenase	0.198	-2.648	['Q8IKW5']	True	1	0.0	0.2983398521263273	5	False	True
177	Q8ILV5	PF3D7_1414000	26S proteasome regulatory subunit RPN13, putative	0.204	-3.472	['C0H5C2']	True	1	0.0	0.2898158563512894	5	False	True
178	Q8IEJ6	PF3D7_1312600	2-oxoisovalerate dehydrogenase subunit alpha, mitochondrial, putative	0.204	-2.736	['Q8IL11', 'C6KSV3', 'Q8I0X1', 'P61076', 'Q8IEA6', 'O97227']	True	6	4.752609763174355e-05	0.2555409230249298	5	True	True
179	Q8IE10	PF3D7_1331700	glutamine--tRNA ligase, putative	0.205	-2.692	['Q8IAX5', 'Q8ILK3', 'Q8IDJ8', 'Q8IKM5', 'Q8IIU8', 'Q8IIA4', 'Q8IDK7', 'C6KT09', 'Q8IL94', 'Q8IKW5', 'Q8IBY4', 'Q8I3T8', 'Q8IL02', 'Q8ILL3', 'Q8ILI2', 'Q8IDB0', 'Q8IIA2', 'Q8IKP1', 'Q8IAX6', 'C0H4A6', 'Q8IJC6', 'Q8IDR9', 'O77381', 'Q8IM10', 'Q6LFH8', 'Q8IJ60', 'Q8I3R0', 'O97313', 'Q8ILL2', 'Q8I0P6', 'C0H5C2']	True	31	0.0101219026875768	0.3648031758267978	5	False	True
180	C0H586	PF3D7_0933200	calcyclin-binding protein, putative	0.205	0.0	['Q76NN6']	True	1	0.0	0.2657699992741082	5	False	True
181	Q8IKH8	PF3D7_1465900	40S ribosomal protein S3	0.205	-3.469	['Q8I603', 'O96252', 'Q8II61', 'Q8IJV6', 'Q8IJC6', 'Q8IBY4', 'A0A5K1K8V8', 'K7NTP5', 'Q8IL58', 'Q8ILL2', 'Q8I5M9', 'Q8IKV8', 'Q8I0P6', 'Q8I1V1', 'Q8IIB4', 'Q8IKM5', 'Q8IIV2', 'Q8I463', 'Q8IAX6', 'Q8IIX0', 'Q8IAX8', 'Q8IJ34', 'Q8IDR9', 'Q8IET7', 'Q8I0V2', 'Q8IFP2', 'Q8I3T8', 'O00806', 'Q8I3R0', 'Q8IDB0', 'C0H5C2', 'Q8IKW0', 'Q8IAX5', 'Q8IJX8']	True	34	0.0116546323574909	0.3745312605155125	5	False	True
182	Q8II61	PF3D7_1130200	60S ribosomal protein P0	0.208	-2.596	['Q8IIV2', 'Q8IDZ8', 'Q8IKM5', 'Q8IIU8', 'Q8IKH8', 'Q76NN6', 'A0A144A3N9', 'Q8IIB4', 'A0A5K1K8V8', 'K7NTP5', 'Q8I3T8', 'Q8IJX8', 'Q8IIM8', 'O96153', 'Q8IJV6', 'Q8IL48', 'O96220', 'Q8IL02', 'Q8I431', 'Q8II43', 'C6KSV2', 'Q8ILL2', 'O97282', 'Q8IAX6', 'Q8IAX8', 'O97247', 'Q8IDR9', 'Q8ILS7', 'Q8IET7', 'Q8IM10', 'Q8I0V2', 'Q8IFP2', 'Q6ZLZ9', 'O77323', 'P27362', 'O00806', 'Q8IJN7', 'O97313', 'Q8I0P6', 'C0H5C2', 'Q8IAX5', 'Q8IKT2']	True	42	0.0653780821935595	0.4144925981868612	5	True	True
183	O96221	PF3D7_0214100	protein transport protein SEC31	0.209	-2.744	['Q8IB60', 'Q8I1S0', 'Q8I5L6', 'C0H5H0', 'Q8I5B3']	True	5	0.004366295460592	0.3121093837629271	5	False	True
184	Q8IJA0	PF3D7_1030500	26S proteasome regulatory subunit RPN9, putative	0.209	-3.366	['Q8IJM0', 'Q8IJW0', 'Q76NN6', 'A0A5K1K9F3', 'Q8I323', 'Q8IDG3', 'Q7K6A9', 'Q8IBI3', 'C6KST3', 'Q8I261', 'Q8I374', 'Q8II71', 'A0A5K1K7U1', 'Q8IIJ6', 'Q8IDG2', 'C0H5H0']	True	16	0.0065226693851417	0.350113115055249	5	False	True
185	A0A144A1R5	PF3D7_1246200	actin I	0.213	-2.745	['Q8IIX0', 'Q8I463', 'Q7KQL5', 'Q8I0V4', 'Q8IC05', 'Q8ILK3', 'Q76NN7', 'Q8IDB0', 'Q8IJ34', 'O00806', 'Q8II36', 'Q8I546', 'Q8IKK7']	True	13	0.011473266639428	0.3269185129835494	5	False	True
186	Q8ILF4	PF3D7_1431100	PhIL1 interacting protein PIP2	0.213	-2.852	['Q8ILF6', 'Q8I0V2']	True	2	0.0051388313302942	0.2916677148583264	5	False	True
187	Q8IE67	PF3D7_1325100	phosphoribosylpyrophosphate synthetase	0.218	-2.546	['Q8IIR8', 'O97245']	True	2	4.390302956759739e-05	0.2439331857064961	5	False	True
188	Q8I2Q0	PF3D7_0925900	lipocalin	0.219	-3.309	['Q8ILE3', 'C0H5H0', 'Q8I0V2']	True	3	3.91509529756561e-05	0.3275049139036993	5	False	True
189	Q8IB24	PF3D7_0818900	heat shock protein 70	0.225	-2.666	['A0A144A3N9', 'O77381', 'Q8IIU8', 'Q8IIV1', 'Q8IJC6', 'Q8I5H4', 'O97313', 'Q8I0P6', 'Q8IJX8', 'Q8IIM8', 'Q8IL02', 'Q8ILE3', 'C0H5H0', 'Q8I3I6', 'Q8ILL3', 'Q8ILI2', 'Q8I5B3', 'C0H4A6', 'Q8IIA2', 'Q8ILK3', 'C6KT19', 'Q8ILC1', 'Q6ZMA7', 'Q8IBV7', 'K7NTP5', 'Q8I3R0', 'Q9TY99', 'Q8I431', 'Q8IM10', 'Q8I487', 'C0H5C2', 'Q8IET7', 'Q8IAX5', 'Q8II24', 'Q8IC01', 'C6KTA4', 'Q8I3J0', 'Q8IAX8', 'Q8IIV2', 'Q8IIF0', 'Q8IIK8', 'Q8IKM5', 'Q8IDR9']	True	43	0.0315906937162421	0.4168584235189779	5	True	True
190	Q7K6A9	PF3D7_0803800	proteasome subunit beta type-4	0.227	-2.689	['O96153', 'Q8I323', 'Q8IK90', 'C6KST3', 'Q8II71', 'Q8IJT1', 'Q8IAR3', 'Q8IBI3', 'Q8IJM0', 'A0A5K1K7U1', 'Q8IJA0', 'Q8I6T3', 'Q8IJW0', 'C0H5H0', 'O97282', 'Q8IDG2', 'Q8I261', 'Q8IDG3', 'C6KT34', 'A0A5K1K9F3', 'Q8IKC9', 'Q8I0U7', 'O77396']	True	23	0.0017189535092151	0.3396911432582555	5	True	True
191	Q8I3W9	PF3D7_0513800	ras-related protein Rab-1A	0.232	-2.589	['Q8I274', 'Q8IIK8', 'C0H516', 'A0A5K1K8H7']	True	4	0.0030016015013135	0.2439331857064961	5	True	True
192	Q8ILC1	PF3D7_1434300	Hsp70/Hsp90 organizing protein	0.233	-2.873	['Q8IIV2', 'Q8IBV7', 'C6KT19', 'A0A5K1K9F3', 'Q8IJN7', 'Q8I323', 'Q8III6', 'Q8IJM0', 'Q8IIM8', 'Q8IB24', 'Q8I3J0', 'A0A5K1K963', 'Q8IC01', 'Q8IIJ6', 'Q8IDE7', 'O97245', 'Q8I2X4', 'Q8IJW0', 'C0H5H0']	True	19	0.0094205871961685	0.3733823916182256	5	False	True
193	Q8IIX5	PF3D7_1102500	gametocyte exported protein 2	0.234	-2.787	['Q8I476', 'Q8IFM9', 'Q8I2F4', 'B9ZSJ2', 'Q8I0U8', 'Q8I490', 'Q8II72', 'Q8IKC8', 'Q8I4T3', 'Q8I2F2', 'Q8IIF0', 'Q6ZMA7', 'Q9TY99', 'Q8IFM0', 'Q8IJ76', 'Q8IJF6']	True	16	0.0042837063371486	0.2954433487076251	5	True	True
194	P61074	PF3D7_1361900	proliferating cell nuclear antigen 1	0.234	-3.274	['Q8I3A1', 'Q8I3Y6', 'Q7KQJ9', 'C0H4U4']	True	4	0.0007705891259355	0.262333318249012	5	True	True
195	Q8IC05	PF3D7_0708400	heat shock protein 90	0.236	-2.653	['C6KT19', 'Q8I4U5', 'Q8IJC6', 'Q9TY94', 'Q8IL58', 'Q8I1V1', 'Q8IKH3', 'Q8IFP2', 'Q76NM4', 'Q8IKF0', 'Q8I463', 'A0A144A1R5', 'Q8IKP1', 'Q8IKM5', 'Q8IDB0', 'Q8IJM0', 'Q8IE66', 'Q8IJ34', 'Q8IAR6', 'Q7KQL5', 'Q8I2X4', 'Q8IIA2', 'Q8I320']	True	23	0.0208946223911551	0.373001000002681	5	True	True
196	Q8IKR1	PF3D7_1456800	V-type H(+)-translocating pyrophosphatase, putative	0.238	-2.573	['Q8IET7', 'Q8ILL3', 'Q8IAX5', 'Q8IM10', 'Q8IJN7', 'Q8I3T8', 'Q8I431', 'O97313', 'C0H4A6']	True	9	3.6861146274597474e-05	0.3208857460480006	5	True	True
197	Q8I6T3	PF3D7_1328100	proteasome subunit beta type-7, putative	0.244	-2.338	['O97282', 'Q8IDG3', 'Q8IJT1', 'Q8IKC9', 'C6KT34', 'Q8II43', 'C0H5I7', 'Q8I0U7', 'O77396', 'O96153', 'O96220', 'Q8IDG2', 'Q7K6A9', 'C6KST3', 'Q8IAR3', 'Q8I261', 'Q8IBI3', 'O97247', 'C0H4C7', 'Q8I5C4', 'C6KST5', 'A0A5K1K7U1', 'Q8IJW0', 'Q8IJN9', 'Q8IK90']	True	25	0.000712488293582	0.3063489756733428	5	False	True
198	C6KST5	PF3D7_0608700	T-complex protein 1 subunit zeta	0.247	-2.844	['Q8IJT1', 'Q8IC01', 'Q8IBI3', 'C0H5I7', 'O77323', 'O97247', 'Q8I0U7', 'Q6ZLZ9', 'O96220', 'Q8I2X4', 'Q8IJW0', 'Q8IKW5', 'C6KST3', 'Q8IJN9', 'O77396', 'Q8IK90', 'Q8II24', 'Q8IDG3', 'Q8IKC9', 'Q8I5C4', 'O97282', 'Q8I6T3', 'Q8II43', 'Q8IFP3', 'C0H5H0', 'Q8IBR6', 'Q8I323', 'Q8IDG2', 'Q8ILA4']	True	29	0.0049521279674788	0.3711056697181145	5	False	True
199	C0H4Y6	PF3D7_0827900	protein disulfide-isomerase	0.248	-2.66	['Q8I2V9', 'Q8IKB2', 'C0H5H0', 'Q8I2X4']	True	4	0.0051675175753545	0.3147999818988143	5	True	True
200	Q8I2I2	PF3D7_0933600	mitochondrial-processing peptidase subunit beta, putative	0.25	-2.745	['Q8IB14', 'Q8IL75', 'Q8IJS2', 'O97245', 'Q8I3N3']	True	5	0.000424275284651	0.272920761586416	5	True	True
201	A0A143ZY58	PF3D7_1020900	ADP-ribosylation factor 1	0.251	-3.264	['Q8I0P6', 'Q8IKH3', 'Q8I1S0', 'Q8IIM8']	True	4	0.0014244034088977	0.3005497769568928	5	True	True
202	Q8IEP9	PF3D7_1306600	V-type proton ATPase subunit H, putative	0.254	-2.63	['Q8I323', 'Q8IDS0', 'Q8I280', 'C0H5H0', 'Q76NN6', 'Q8IE84']	False	6	0.003484344746213	0.3458030104191521	5	False	False
203	Q9TY94	PF3D7_0209800	ATP-dependent RNA helicase UAP56	0.257	-2.606	['Q7KQL5', 'Q8IKF0', 'Q8IC05']	False	3	0.0	0.2891274576426165	5	False	False
204	Q8IIV2	PF3D7_1105000	histone H4	0.261	-3.385	['Q8ILC1', 'Q8II61', 'Q8IAX6', 'Q8IAX8', 'Q8IBV7', 'Q8IIV1', 'Q8IDR9', 'Q9TY99', 'Q8IFM9', 'C0H4L1', 'B9ZSJ2', 'Q8IM10', 'Q7KQL5', 'Q8I5H4', 'O00806', 'O97313', 'C0H5C2', 'Q8IAX5', 'A0A5K1K8Y8', 'Q8IJX3', 'Q8IIM8', 'Q8IKM5', 'C0H4A6', 'C6KT18', 'Q8IKH8', 'Q8IIF0', 'C6KT19', 'Q8IJC6', 'Q6ZMA7', 'A0A5K1K8V8', 'K7NTP5', 'Q8I0V2', 'Q8ILZ7', 'Q8I487', 'Q8ILL2', 'Q8IIB4', 'Q8IB24']	True	37	0.0197725649902297	0.3926537408630373	5	True	True
205	Q8I274	PF3D7_0106800	ras-related protein Rab-5C	0.264	-2.504	['Q8I3W9', 'A0A5K1K8H7']	False	2	0.0	0.1993274994555811	5	False	False
206	Q8I320	PF3D7_0913200	elongation factor 1-beta	0.266	-2.711	['Q8I431', 'Q8IIB4', 'Q8IIX0', 'O97313', 'Q8IDR9', 'Q8I0P6', 'Q8IM10', 'C0H4A6', 'Q8I0V4', 'Q8ILL3', 'Q8IFP2', 'Q8IC05']	False	12	0.0006464633888112	0.3295739882695168	5	False	False
207	Q7KQL9	PF3D7_1444800	fructose-bisphosphate aldolase	0.268	-2.718	['Q8I5C4', 'Q6ZLZ9', 'Q8IDJ8', 'Q8II43', 'Q8IJI7', 'Q8IFP3', 'Q8IDF6', 'C6KT50', 'Q8ID43', 'Q7KQM0', 'Q8I3X4', 'Q8IJN9', 'Q8II24', 'Q8IIG6', 'O97247', 'Q8I566']	True	16	0.0115204821703347	0.3263342082239719	5	True	True
208	Q8ILK3	PF3D7_1426000	60S ribosomal protein L21	0.27	-3.417	['Q8IIX0', 'Q8I0V4', 'Q8IE10', 'Q8IJV6', 'Q8ILL2', 'C6KT19', 'Q8IJC6', 'Q8IBY4', 'A0A5K1K8V8', 'K7NTP5', 'Q8ID28', 'Q8IL58', 'Q8I431', 'C6KT23', 'Q8IDB0', 'Q8IB24', 'Q8IKM5', 'A0A144A1R5', 'Q8IIA2', 'Q8IAX6', 'C6KTA4', 'Q8IAX8', 'Q8ILL3', 'Q8IKX4', 'Q8IKW5', 'Q8IB14', 'O77381', 'O97249', 'Q8II24', 'Q8I0V2', 'Q8IL02', 'O00806', 'Q8I3R0', 'Q8I0P6', 'C0H5C2', 'Q8IM10', 'Q8IIU8', 'Q8IDK7']	False	38	0.0133681711509516	0.3776297611195705	5	False	False
209	Q8I374	PF3D7_0907700	proteasome activator 28	0.278	-2.289	['Q8I5B6', 'Q6ZLZ9', 'Q8IJA0', 'Q8IFP3', 'Q76NN6']	False	5	0.000140684707869	0.3027926857401531	5	False	False
210	C0H4U4	PF3D7_0813300	NPL domain-containing protein, putative	0.295	-2.805	['C0H5H0', 'Q76NN6', 'P61074', 'Q8I3J0', 'Q8I3A1', 'Q8I2W3', 'Q8ILI6']	False	7	0.00781349095073	0.3344029111745647	5	False	False
211	Q8IKH3	PF3D7_1466300	26S proteasome regulatory subunit RPN2, putative	0.3	-2.601	['Q8ID28', 'Q8IJM0', 'Q8IC05', 'A0A143ZY58', 'Q8IAR6', 'Q8I323', 'Q8IM66', 'C0H5H0']	False	8	0.0020775484255213	0.3325755728621354	5	False	False
212	Q7KQL5	PF3D7_1008700	tubulin beta chain	0.305	-2.901	['Q9TY94', 'O97320', 'A0A144A1R5', 'Q8I5H4', 'Q8IJS2', 'C6KT19', 'Q8IIV2', 'Q6ZMA7', 'C6KT25', 'Q8IEQ1', 'Q76NN7', 'C0H5I7', 'Q8IE66', 'Q8IBV7', 'A0A5K1K910', 'Q8I2X4', 'Q8IDS0', 'Q8IKW5', 'C0H4H6', 'Q8I0V4', 'Q8IJV6', 'Q8IL58', 'Q8I566', 'O97247', 'Q8IFP2', 'Q8IC05', 'Q8IKF0', 'Q8IDB0', 'Q8I623', 'Q8I1V1', 'Q8IBG1', 'Q8IIV1', 'P50250', 'Q8IEU2', 'Q8I463', 'Q8IJX8']	True	36	0.0383437126837686	0.3913911886416127	5	True	True
213	Q8IDJ8	PF3D7_1350100	lysine--tRNA ligase	0.329	-2.517	['Q7KQL9', 'Q8IE10', 'Q8IKW5', 'Q8ILL3', 'Q8ILI2', 'Q8IIU8', 'Q8I5R7', 'Q8IJC6', 'Q8IJ60', 'Q8IDK7', 'O97245', 'Q8IIA4', 'Q8IAX5', 'C0H5H0']	False	14	0.0077153321278761	0.3629900387700047	5	False	False
214	O97266	PF3D7_0315100	eukaryotic translation initiation factor 4E	0.335	-2.613	['Q8I5H4']	False	1	0.0	0.2606480935065129	5	False	False
215	Q8IK89	PF3D7_1474900	trailer hitch homolog, putative	0.348	-2.492	['Q8ILZ7', 'O97285', 'Q8IAX8', 'Q8I5H4', 'Q8IJX3', 'Q8IKP1']	True	6	0.0003777198706218	0.2976104148350649	5	True	True
216	Q6ZMA8	PF3D7_0406100	V-type proton ATPase subunit B	0.353	-2.635	['Q8IC01', 'Q8I2H3', 'Q8I0V2', 'O77381', 'Q8I0P6', 'A0A5K1K967', 'Q8IDS0', 'Q8IEK3', 'Q8IKW5', 'Q8IJX8', 'Q8ILL3', 'Q76NM6', 'Q8IE84', 'Q8I280', 'Q8IC43', 'Q8IM10', 'O97313', 'C0H5C2']	True	18	0.0030393643289776	0.3566093544947507	5	True	True
217	Q8IE84	PF3D7_1323200	V-type proton ATPase subunit G, putative	0.354	-3.572	['Q8IDS0', 'C0H4V6', 'Q76NM6', 'Q8I0V2', 'Q8I280', 'Q8IIV1', 'Q6ZMA8', 'Q8IKW5', 'C0H4C7', 'Q8I3Y6', 'O97313', 'Q8I2H3', 'Q8IEP9', 'Q8IAX8']	True	14	0.0070753885244418	0.3535023998089299	5	True	True
218	C6KT18	PF3D7_0617800	histone H2A	0.363	-2.378	['C6KT19', 'O97313', 'K7NTP5', 'Q8IBY4', 'Q8IBV7', 'Q9TY99', 'Q8IM10', 'C0H5C2', 'Q8I546', 'Q8I0V2', 'Q8IIV2', 'Q8IIF0', 'Q8IDR9', 'Q8IFM9', 'Q8IIB4', 'Q8IAX6', 'Q8IJX8', 'Q8IIM8', 'Q8IL02', 'Q8ILL2', 'Q8IAX5']	True	21	0.0037345616298179	0.3441734015104851	5	True	True
219	Q8IKW0	PF3D7_1451600	LCCL domain-containing protein	0.366	-2.734	['Q8IM24', 'Q8IKS0', 'Q8IKH8']	False	3	0.0004374059080481	0.2822009111303127	5	False	False
220	Q8IKW5	PF3D7_1451100	elongation factor 2	0.368	-2.544	['Q8IBM9', 'C0H5C2', 'Q8I2X4', 'Q8IAX5', 'Q8IEK3', 'Q8IDJ8', 'Q8IB60', 'Q8IIU8', 'Q8IE10', 'C6KTA4', 'Q6ZMA8', 'Q8IM10', 'Q8I5C4', 'C6KST5', 'Q8IJC6', 'Q8I566', 'A0A144A3N9', 'Q8I2U5', 'O77381', 'C0H5I7', 'Q8IC01', 'Q8IE84', 'A0A5K1K967', 'Q8IDS0', 'Q8ILL3', 'Q7KQL5', 'Q8I280', 'Q8II43', 'O97313', 'Q8ILK3', 'Q8IC43', 'Q8IJW0', 'C0H5H0', 'O97282', 'Q8IKM5', 'Q8IIA2', 'Q8IDK7', 'Q8IJN9', 'Q8IFP3', 'Q8IEQ1', 'Q8IDR9', 'Q8I323', 'C6KSV3', 'C6KT25', 'P50250', 'Q76NM6', 'Q8I0V2', 'O77323', 'Q8ILI2']	False	49	0.0450721418822433	0.4286009143223294	5	False	False
221	Q8IB14	PF3D7_0817900	high mobility group protein B2	0.368	-3.27	['Q8I0V4', 'Q8I2I2', 'C6KT23', 'Q8I463', 'Q8ILK3']	False	5	0.0005524798219086	0.2859576969480224	5	False	False
222	Q8IL58	PF3D7_1441200	60S ribosomal protein L1, putative	0.37	-3.314	['Q8IJC6', 'C6KT25', 'Q8IBY4', 'A0A5K1K8V8', 'K7NTP5', 'Q8ID28', 'Q8ILK3', 'Q8IC05', 'Q8IKH8', 'Q8IAX6', 'Q8ID43', 'C0H4A6', 'Q8IAX8', 'Q8IM10', 'Q7KQL5', 'Q8I3R0', 'Q8I0P6', 'C6KT23', 'Q8IDB0', 'C0H5C2', 'Q8I2X4', 'Q8IJV6', 'C6KT19']	False	23	0.0024872542218993	0.3688565444470956	5	False	False
223	Q8IDZ8	PF3D7_1333000	20 kDa chaperonin	0.37	-3.541	['Q8II61', 'O97282', 'O77323', 'O96220', 'Q8II43']	True	5	0.0	0.3145288363502365	5	True	True
224	Q8III8	PF3D7_1118000	conserved Plasmodium protein, unknown function	0.375	-2.552	['Q8I5B6', 'Q76NM3', 'Q8IEU2', 'Q8I3X4']	True	4	0.0007370196906391	0.289586026171788	5	True	True
225	C6KSV3	PF3D7_0610800	transketolase	0.381	-2.533	['Q8I566', 'Q8IEJ6', 'Q8IFP3', 'O97227', 'Q8IKW5']	False	5	0.0020691051070687	0.3169860928842228	5	False	False
226	Q8IJV6	PF3D7_1008900	adenylate kinase	0.385	-3.482	['Q8ILK3', 'Q8I3R0', 'Q8IKM5', 'Q8I431', 'C6KT23', 'Q8IDB0', 'C0H5C2', 'Q8IKH8', 'Q8IAX5', 'Q8IIB4', 'Q8II61', 'Q8IJC6', 'Q7KQL5', 'Q8IIA2', 'Q8IM10', 'C0H4A6', 'Q8IDR9', 'Q8IL58', 'Q8IBY4']	False	19	0.000500069559823	0.3545320184491501	5	False	False
227	Q8IJT1	PF3D7_1011400	proteasome subunit beta type-5	0.399	-2.604	['C6KST5', 'Q8IKC9', 'Q8I6T3', 'Q8I0U7', 'O77396', 'Q7K6A9', 'Q8IK90', 'Q8IBI3', 'Q8I5C4', 'Q8IDG3', 'A0A5K1K7U1', 'C0H5I7', 'O96220', 'Q8II43', 'Q8IDG2', 'O97282', 'Q8IAR3', 'C6KST3', 'Q8I261']	True	19	0.0001303100406378	0.2971261017108419	5	True	True
228	Q7KQK0	PF3D7_1223100	cAMP-dependent protein kinase regulatory subunit	0.399	-2.62	['Q76NN6']	False	1	0.0	0.2657699992741082	5	False	False
229	A0A5K1K910	PF3D7_1344800	aspartate carbamoyltransferase	0.408	-2.437	['Q8IAX5', 'Q7KQL5', 'C6KT25']	False	3	1.6820706794536996e-05	0.3192027788484481	5	False	False
230	Q8IFP2	PF3D7_0422400	40S ribosomal protein S19	0.408	-2.526	['Q8IL02', 'Q8IJS2', 'Q8IE66', 'Q8I0P6', 'Q8IC05', 'Q8IJC6', 'Q7KQL5', 'Q8I3T8', 'O00806', 'Q8IKM5', 'Q8IDB0', 'Q8II61', 'Q8IIU8', 'Q8IKH8', 'Q8I320']	False	15	0.0013009359532346	0.3562614429293899	5	False	False
231	C6KT19	PF3D7_0617900	histone H3 variant	0.411	-2.618	['C6KT18', 'Q8ILL2', 'Q8IAX5', 'Q8IC05', 'Q8I487', 'Q8ILK3', 'Q8IDB0', 'Q8ILC1', 'C6KT23', 'Q8IBY4', 'Q8IIV1', 'Q7KQL5', 'Q8IBV7', 'Q8I431', 'Q8IJM9', 'Q9TY99', 'Q8IIB4', 'Q8IIM8', 'Q8IB24', 'Q8I5H4', 'O97313', 'Q8IJX3', 'C0H4L1', 'Q8I0V2', 'Q8IIV2', 'B9ZSJ2', 'K7NTP5', 'Q8IDR9', 'Q6ZMA7', 'Q8IJC6', 'Q8IM10', 'Q8IAX8', 'O97320', 'Q8IL58']	False	34	0.0099510053904114	0.3756872211961159	5	False	False
232	Q8I5H2	PF3D7_1224500	histone chaperone ASF1	0.411	-2.479	['Q8I608', 'Q8ILB6', 'Q7KQK6', 'Q8I5Y9', 'Q8ILI6', 'Q8I2W3']	False	6	0.0001943070495042	0.2482447172009685	5	False	False
233	C6KT34	PF3D7_0619400	cell division cycle protein 48 homologue, putative	0.425	-2.6	['Q8IKC9', 'O97282', 'O96153', 'C6KST3', 'Q8I6T3', 'Q8II43', 'Q8IDG2', 'Q8I261', 'Q8IBI3', 'O97247', 'O96220', 'Q8IJW0', 'Q7K6A9', 'O77396', 'Q8IK90', 'A0A5K1K7U1', 'Q8IDG3']	True	17	0.0001552379863696	0.2985837931337896	5	True	True
234	Q8I3Q7	PF3D7_0520300	U6 snRNA-associated Sm-like protein LSm2, putative	0.431	0.0	['C0H4W2', 'Q76NN6', 'Q8I5V6', 'Q8IIT3']	False	4	0.0022869414524324	0.2667406712948317	5	False	False
235	Q8I5B6	PF3D7_1230400	ATP-dependent protease subunit ClpQ	0.431	-2.873	['Q8IE66', 'Q8I374', 'Q76NM3', 'Q8III8', 'O77323', 'Q8I0X1', 'Q8I3X4', 'C6KTA3', 'O97282', 'Q8II43', 'C0H4C7', 'C6KT25', 'O96220', 'C6KSV2', 'Q8IKT2']	True	15	0.0030251237573592	0.3275049139036993	5	True	True
236	Q8IJT0	PF3D7_1011500	conserved protein, unknown function	0.459	-2.268	['Q8IM26']	True	1	0.0	0.2074818062514913	5	True	True
237	C6KT76	PF3D7_0624000	hexokinase	0.462	-2.565	['Q6ZLZ9', 'Q8II24']	False	2	0.0	0.2947279895097858	5	False	False
238	Q8IJX3	PF3D7_1006800	G-strand-binding protein 2	0.462	-2.479	['Q8IM10', 'B9ZSJ2', 'O97313', 'Q8IIV2', 'Q8IAX8', 'C6KT19', 'Q8ILZ7', 'Q8ILL2', 'Q8IK89', 'Q8IAX5', 'Q8I463']	True	11	0.0017953888867194	0.3234437369376658	5	True	True
239	Q8I0U7	PF3D7_0931800	proteasome subunit beta type-6, putative	0.468	-2.628	['Q8IK90', 'C6KST3', 'Q8IJT1', 'C0H4C7', 'C6KST5', 'A0A5K1K7U1', 'Q8I5C4', 'Q8I6T3', 'Q8IDG2', 'Q8I261', 'Q8IDG3', 'Q8IAR3', 'Q8IBI3', 'Q8IKC9', 'O77396', 'O96153', 'O96220', 'Q8IJW0', 'Q7K6A9']	True	19	0.0001656776401982	0.2905075409726528	5	True	True
240	O97249	PF3D7_0307100	40S ribosomal protein S12, putative	0.474	-2.312	['Q8IIA2', 'Q8IIX0', 'Q8IDN6', 'Q8I0V4', 'O00806', 'Q8ILK3', 'Q8IKX4', 'Q8IJ34']	False	8	0.0003091498376801	0.3060921869259217	5	False	False
241	Q8IM26	PF3D7_1406800	glideosome associated protein with multiple membrane spans 3	0.48	-2.163	['Q8IIF0', 'Q8IJT0']	False	2	0.0051388313302942	0.2630893220480005	5	False	False
242	Q7KQK6	PF3D7_1117700	GTP-binding nuclear protein RAN/TC4	0.492	0.0	['Q76NN6', 'Q8I5H2']	True	2	0.0001710950097961	0.2661574190981229	5	True	True
243	Q8ILB6	PF3D7_1434800	mitochondrial acidic protein MAM33, putative	0.509	-2.449	['Q8I546', 'Q8I5Y9', 'C6S3I6', 'Q8IFP3', 'Q76NN6', 'C0H4V6', 'Q8ILI6', 'Q8I5H2', 'Q8IKP1']	True	9	0.0127557531609543	0.3206040201954562	5	True	True
244	Q8ILE3	PF3D7_1432100	voltage-dependent anion-selective channel protein	0.513	-2.559	['Q8I323', 'Q8I2Q0', 'C0H5H0', 'Q8IB24', 'Q8IEQ1', 'K7NTP5', 'Q8I1V1']	False	7	0.0001807645437369	0.3387458061248837	5	False	False
245	Q8I5V6	PF3D7_1209200	U6 snRNA-associated Sm-like protein LSm7, putative	0.519	-2.439	['Q8IIT3', 'Q8II82', 'C0H4W2', 'Q76NN6', 'Q8I3Q7']	False	5	0.0030420430906413	0.2689013100166603	5	False	False
246	Q8IJM9	PF3D7_1016900	early transcribed membrane protein 10.3	0.519	-2.338	['Q8IBB9', 'Q8I484', 'C6KT19', 'Q6ZMA7', 'Q8IJ28', 'Q8IBV7']	True	6	0.0037084618622164	0.2843987375409849	5	True	True
247	Q8IEU2	PF3D7_1302100	gamete antigen 27/25	0.519	-2.386	['Q8IBN4', 'A0A5K1K9E5', 'Q8II72', 'Q6ZMA7', 'Q8I0V2', 'Q8III8', 'Q8IEK3', 'Q8IKC8', 'Q8IL75', 'Q7KQL5', 'Q8IC43']	True	11	0.0056575118232636	0.3289801612636258	5	True	True
248	C0H4Z6	PF3D7_0831300	Plasmodium exported protein, unknown function	0.529	-2.522	['Q9TY99']	True	1	0.0	0.2551837728879277	5	True	True
249	Q8ILS7	PF3D7_1416900	prefoldin subunit 2, putative	0.554	0.0	['Q8IBR6', 'Q8I3A4', 'C6KT55', 'Q8IFP3', 'Q8II61', 'C0H4C7', 'Q8I3Y6', 'Q8II82']	False	8	0.0046727104101054	0.3223018349537728	5	False	False
250	C6S3I6	PF3D7_1442100	replication factor A protein 3, putative	0.566	-3.267	['Q8II92', 'Q8ILB6', 'Q8II42', 'Q8I5Q3', 'Q8I3A1']	False	5	0.0067535571183262	0.2502864832094754	5	False	False
251	Q8IKV8	PF3D7_1451800	sortilin	0.572	-2.361	['Q8IET7', 'Q8IKH8', 'Q8ID28', 'O97313', 'A0A5K1K8W5', 'Q8I6T1']	False	6	0.0061897151537012	0.2973680610770559	5	False	False
252	O97227	PF3D7_0303700	lipoamide acyltransferase component of branched-chain alpha-keto acid dehydrogenase complex	0.576	-3.123	['Q8I0X1', 'Q8II24', 'P61076', 'C6KSV3', 'Q8IEA6', 'Q8IEJ6']	True	6	0.0004035267248232	0.2905075409726528	5	True	True
253	C0H4V6	PF3D7_0818200	14-3-3 protein	0.585	-3.082	['Q8ID28', 'Q8I5Y9', 'Q8IIG6', 'Q8IE84', 'A0A144A3N9', 'Q76NN6', 'Q8ILB6', 'Q8II24']	True	8	0.0043039549646923	0.3301699629318487	5	True	True
254	Q6ZLZ9	PF3D7_0903700	alpha tubulin 1	0.599	-2.602	['Q8IBR6', 'Q7KQL9', 'O97282', 'Q8ILA4', 'Q8II24', 'Q8ID43', 'O97247', 'C6KST5', 'O77389', 'Q8IE66', 'O77323', 'Q8I0X1', 'Q8IJW0', 'Q8ILQ7', 'Q8IJN9', 'C6KT76', 'Q8I374', 'Q8I5P5', 'Q8IKT2', 'Q8II61', 'Q8I5C4', 'C0H5I7', 'Q8I289', 'Q8II43', 'Q8IFP3', 'C6KSV2', 'Q8I431', 'Q8IEA6', 'Q76NN6', 'Q8IDF6']	False	30	0.0184809190887152	0.3681128820590975	5	False	False
255	Q8I0V2	PF3D7_1235700	ATP synthase subunit beta, mitochondrial	0.622	-2.512	['Q8IIM8', 'Q8I323', 'A0A5K1K9E5', 'Q6ZMA8', 'Q8IE84', 'Q8ILI2', 'Q8I2X3', 'O77381', 'Q8I280', 'Q8IBY4', 'O97313', 'Q8I0P6', 'Q8IEU2', 'Q8I3T8', 'C6S3G2', 'Q8IC43', 'C0H5H0', 'Q8IAX8', 'C6KT18', 'C0H571', 'C6KSV8', 'C6KT19', 'C6KT25', 'Q76NM6', 'K7NTP5', 'Q8IIV2', 'Q8ILK3', 'Q8I2Q0', 'Q8IM15', 'Q8IDB0', 'Q8IBN4', 'Q8IDR9', 'Q8II61', 'Q8IEQ1', 'C0H5C2', 'Q8IKH8', 'Q8IL75', 'Q8ILF4', 'Q8IJC6', 'Q8IDS0', 'Q8IIB4', 'Q8IEK3', 'Q8IKW5', 'O96252', 'A0A143ZZK9', 'Q8I3R0', 'A0A5K1K8W5']	True	47	0.060147661480038	0.4140226519304134	5	True	True
256	Q8I669	PF3D7_0202200	EMP1-trafficking protein	0.65	-3.049	['Q8ILZ1']	True	1	0.0	0.1843351736509968	5	True	True
257	A0A5K1K8V8	PF3D7_1338200	60S ribosomal protein L6, putative	0.657	-3.612	['Q8IAX8', 'Q8IL02', 'C0H5C2', 'Q8IL58', 'Q8ILL2', 'Q8IAX5', 'Q8IIA2', 'Q8ILK3', 'Q8IKM5', 'Q8IDB0', 'Q8II61', 'C6KT23', 'Q8IBY4', 'Q8IKH8', 'Q8I3T8', 'Q8IBV7', 'O00806', 'Q8IIB4', 'Q8IET7', 'Q8I603', 'Q8I5H4', 'O97313', 'Q8IIV2', 'K7NTP5', 'Q8IDR9', 'Q8IIU8', 'Q8I0P6', 'Q8IJC6', 'Q8IM10', 'Q8IAX6', 'Q8I3R0']	False	31	0.001612321662387	0.3673722122762823	5	False	False
258	Q8IL02	PF3D7_1447000	40S ribosomal protein S5	0.659	-2.107	['Q6ZMA7', 'Q8IM10', 'Q8IBY4', 'A0A5K1K8V8', 'K7NTP5', 'Q8ID28', 'Q8IFP2', 'Q8I3T8', 'O00806', 'Q8I3R0', 'Q8IDB0', 'C0H5C2', 'Q8IAX5', 'Q8IJX8', 'Q8IEK3', 'Q8IB24', 'O97320', 'Q8IIU8', 'Q8I463', 'Q8II61', 'Q8IE10', 'Q8IJC6', 'Q8IIV1', 'O77381', 'Q8I431', 'Q8I5H4', 'O97313', 'Q8ILL3', 'Q8I0P6', 'Q8IB31', 'Q8ILI2', 'Q8I492', 'Q8IBN4', 'Q8IKM5', 'Q8ILK3', 'Q8IIA2', 'Q8IK15', 'Q8IAX6', 'Q8IDK7', 'C0H4A6', 'Q8IIX0', 'Q8IAX8', 'C6KT18', 'Q8IBV7', 'Q8IDR9']	False	45	0.0106574842427952	0.3893048816659111	5	False	False
259	Q8I3Y6	PF3D7_0512000	prefoldin subunit 6	0.709	0.0	['P61074', 'Q8IFP3', 'Q8IBR6', 'Q8I3A4', 'Q8IE84', 'C0H4C7', 'Q8II82', 'Q8ILS7']	False	8	0.0028588899722013	0.307380453705913	5	False	False
260	Q8I623	PF3D7_1202200	mitochondrial phosphate carrier protein	0.736	-2.302	['Q8IAX5', 'Q7KQL5', 'Q8IJ34']	False	3	3.910844867924557e-05	0.3134489090151284	5	False	False
261	Q8IM45	PF3D7_1404900	conserved Plasmodium protein, unknown function	0.738	-3.131	['Q8II72', 'Q6ZMA7', 'C0H5H0']	True	3	8.032065751970072e-05	0.3263342082239719	5	True	True
262	Q8IJW0	PF3D7_1008400	26S protease regulatory subunit 4, putative	0.745	-2.429	['Q8IJM0', 'Q8IES0', 'C6KST3', 'Q8I261', 'Q8IJA0', 'O97247', 'C6KST5', 'Q8IFP3', 'Q8II71', 'A0A5K1K7U1', 'Q8II24', 'Q8IIJ6', 'Q6ZLZ9', 'Q8III6', 'O77396', 'Q7K6A9', 'Q8I2X4', 'Q8IDG2', 'C0H5H0', 'O97282', 'Q8IBI3', 'Q8II60', 'Q8IKW5', 'Q8IJN9', 'C6KT34', 'Q8IK90', 'Q8I6T3', 'A0A5K1K9F3', 'Q8I323', 'Q8IDG3', 'C0H5I7', 'Q8IC01', 'Q8I0U7', 'Q8IKC9', 'Q8ILC1', 'O96220', 'Q8II43']	True	37	0.0122885801609182	0.378020682197334	5	True	True
263	Q8IIM8	PF3D7_1113400	ubiquitin domain-containing protein DSK2, putative	0.752	-2.802	['Q8I0V2', 'O00806', 'O97313', 'Q8I0P6', 'Q8IC43', 'C0H5C2', 'Q8IAX5', 'Q8IJX8', 'Q8IB24', 'O96252', 'Q8II61', 'Q8I3J0', 'C6KT19', 'Q6ZMA7', 'Q8IIV2', 'K7NTP5', 'Q8ILC1', 'Q8I3T8', 'Q8I5H4', 'Q8IIB4', 'Q8IM10', 'A0A143ZY58', 'Q8I5R7', 'Q8IAX8', 'Q8ILL2', 'C6KT18', 'Q8IBV7', 'Q8IDR9', 'Q8IET7', 'Q8IKM5']	False	30	0.0096845658781475	0.3799874911577779	5	False	False
264	A0A5K1K967	PF3D7_1338300	elongation factor 1-gamma, putative	0.763	-2.447	['C6KTA3', 'Q6ZMA8', 'Q8IKW5', 'Q8IL48', 'C0H5H0', 'Q8IFP3', 'Q8I2X4']	False	7	0.0015887233638173	0.3474481246456943	5	False	False
265	Q8IKQ9	PF3D7_1457000	signal peptide peptidase	0.767	-2.528	['Q8I463']	False	1	0.0	0.2504581474640772	5	False	False
266	Q8IBV7	PF3D7_0714000	histone H2B variant	0.769	-2.375	['Q8IIV2', 'Q8I463', 'Q8ILC1', 'Q8IIF0', 'C6KT18', 'Q8IKJ0', 'C6KT19', 'Q8IJC6', 'Q8IM10', 'Q6ZMA7', 'A0A5K1K8V8', 'Q7KQL5', 'Q8ILL2', 'Q8IAX5', 'Q8IB24', 'O97320', 'Q8IKM5', 'Q8IDR9', 'Q8IFM9', 'Q8IIV1', 'Q8IJM9', 'K7NTP5', 'Q8IIM8', 'Q8IL02', 'Q8I5H4', 'O97313']	True	26	0.0105554333612137	0.3615524544580442	5	True	True
267	Q8IHR8	PF3D7_1144900	ras-related protein Rab-6	0.78	-2.414	['Q76NM4', 'C0H516']	True	2	0.0	0.2215825115307188	5	True	True
268	Q8I3J0	PF3D7_0527500	Hsc70-interacting protein	0.784	-2.619	['Q76NN6', 'Q8I2W3', 'Q8IIM8', 'C0H4U4', 'Q8ILC1', 'Q8IB24', 'Q8ILI6', 'Q8IC01']	False	8	0.0059968660554031	0.3448233984916191	5	False	False
269	A0A144A3N9	PF3D7_1412500	actin II	0.79	-2.191	['O77381', 'Q8IB24', 'C0H5C2', 'C6KTA4', 'C0H4V6', 'Q8IDR9', 'Q8II61', 'Q8IFP3', 'Q8IKW5', 'Q76NM3', 'Q8ILI6', 'Q8IAX5', 'O97313', 'K7NTP5', 'C0H5H0', 'Q8I0P6', 'Q76NN6']	False	17	0.0181557216091093	0.3918111362689105	5	False	False
270	Q8I289	PF3D7_0105200	RAP protein RAP1	0.8	-2.879	['Q8IFP3', 'Q6ZLZ9', 'Q8I0X1']	True	3	0.0	0.289586026171788	5	True	True
271	Q8IIT3	PF3D7_1107000	U6 snRNA-associated Sm-like protein LSm4, putative	0.808	-2.083	['Q8I5V6', 'Q8I3Q7']	False	2	0.0	0.2112018386365672	5	False	False
272	C0H4C7	PF3D7_0505900	mediator of RNA polymerase II transcription subunit 11, putative	0.808	-2.634	['Q8IDG3', 'Q8IKC9', 'Q8I3A4', 'Q8I0U7', 'Q8IDS0', 'Q8IBR6', 'Q8IK90', 'Q8IE84', 'Q8IBI3', 'Q8II82', 'Q8I3Y6', 'Q8I5B6', 'Q8I6T3', 'C6KST3', 'Q8ILS7', 'O77396', 'Q8IDG2']	False	17	0.0048363814261377	0.310781258725638	5	False	False
273	Q8IHW4	PF3D7_1140100	V-type proton ATPase subunit F, putative	0.831	-2.068	['Q76NN6']	False	1	0.0	0.2657699992741082	5	False	False
274	Q8II92	PF3D7_1127100	deoxyuridine 5'-triphosphate nucleotidohydrolase	0.847	0.0	['C6S3I6']	False	1	0.0	0.1994363620986481	5	False	False
275	Q8IL80	PF3D7_1438900	thioredoxin peroxidase 1	0.848	-2.296	['Q9NLB2', 'Q7KQL8', 'Q8IAM2']	False	3	0.0051388313302942	0.2185326026347245	5	False	False
276	Q8I2X3	PF3D7_0918000	glideosome-associated protein 50	0.864	-2.249	['Q6ZMA7', 'Q8I0V2', 'Q8IBN4', 'Q8I0P6']	False	4	4.239216663885104e-05	0.3126438176392335	5	False	False
277	O77389	PF3D7_0316600	formate-nitrite transporter	0.869	-2.06	['Q6ZLZ9', 'Q8I546']	True	2	0.0003566522510629	0.2787541824447517	5	True	True
278	Q8IL75	PF3D7_1439400	cytochrome b-c1 complex subunit Rieske, putative	0.876	-2.584	['Q8I3N3', 'Q8I2I2', 'Q8IJC6', 'Q8IAX6', 'C0H4A6', 'Q8IEU2', 'Q8I0V2', 'Q8IC43']	True	8	0.0019325515446552	0.3172614934862073	5	True	True
279	Q8I2W3	PF3D7_0919000	nucleosome assembly protein	0.888	-2.21	['Q8I3J0', 'Q76NN6', 'Q8ILI6', 'Q8IIR7', 'Q8I608', 'C0H4U4', 'Q8I5H2']	True	7	0.0008288015396472	0.2891274576426165	5	True	True
280	Q8IDE7	PF3D7_1355500	serine/threonine protein phosphatase 5	0.898	-2.949	['Q8I323', 'C0H5H0', 'Q8III6', 'Q8IC01', 'Q8ILC1']	False	5	0.0	0.3237304778392063	5	False	False
281	C6KT50	PF3D7_0621200	pyridoxine biosynthesis protein PDX1	0.919	-2.67	['Q8IJI7', 'Q7KQL9']	True	2	0.0	0.246402145075995	5	True	True
282	Q8IEK3	PF3D7_1311500	26S protease regulatory subunit 7, putative	0.924	-2.109	['Q8I3R0', 'O97313', 'Q8I0P6', 'C0H5C2', 'Q8IJC6', 'Q8IAX5', 'C0H5H0', 'Q8IKW5', 'Q8IL02', 'Q8ILL3', 'Q8ILI2', 'Q6ZMA8', 'Q8IIA2', 'C6KT25', 'O77381', 'Q8IJM0', 'Q8IE66', 'Q8IEU2', 'Q8I5M9', 'Q8I431', 'Q8I1V1', 'Q8IM10', 'Q8IBN4', 'Q8IDK7', 'C0H4A6', 'Q8IKK7', 'Q8IM66', 'Q8IDR9', 'Q8I323', 'Q8IKM5', 'Q8I0V2', 'Q8IEQ1', 'Q8IIU8']	False	33	0.0125743940738267	0.3969217163072007	5	False	False
283	Q76NM6	PF3D7_1311900	V-type proton ATPase catalytic subunit A	0.93	-2.245	['Q8I323', 'Q8IE84', 'Q8I280', 'Q8IJS2', 'C0H5C2', 'Q6ZMA8', 'Q8I0V2', 'Q8IDB0', 'Q8IKX4', 'Q8I0P6', 'Q8IKW5']	True	11	0.001336471276291	0.350113115055249	5	True	True
284	Q8IAM2	PF3D7_0802200	1-cys peroxiredoxin	0.956	-2.441	['Q6LFH8', 'Q7KQL8', 'Q76NN6', 'Q8ILX1', 'Q8IL80', 'C6KTA3']	False	6	0.0177411320532624	0.2804669577593123	5	False	False
285	Q8IFP3	PF3D7_0422300	alpha tubulin 2	0.966	-1.974	['Q8I6S5', 'Q8I2X4', 'C0H5H0', 'C6KTA3', 'O97282', 'Q7KQL9', 'Q8II43', 'Q8I289', 'Q8IJW0', 'Q8ILS7', 'Q8I3Y6', 'Q76NN6', 'A0A144A3N9', 'Q8I323', 'C6KSV3', 'Q8ILB6', 'P50250', 'Q8IJN9', 'C0H5I7', 'Q8ILA4', 'Q8IEA6', 'Q8II24', 'Q8I0X1', 'Q8IBM9', 'Q8I5P5', 'Q8IKT2', 'Q8I374', 'O97247', 'Q8I5C4', 'C6KST5', 'Q8IKW5', 'Q8IDF6', 'A0A5K1K967', 'Q8IE66', 'Q6ZLZ9', 'O77323', 'Q8IBR6', 'Q8IM55']	True	38	0.0412581417876379	0.3918111362689105	5	True	True
286	Q8ILK1	PF3D7_1426200	protein arginine N-methyltransferase 1	0.967	0.148	['Q76NN6']	False	1	0.0	0.2657699992741082	5	False	False
287	Q8IKA6	PF3D7_1473200	DnaJ protein, putative	0.969	-1.95	['Q76NN6']	True	1	0.0	0.2657699992741082	5	True	True
288	Q8I2V9	PF3D7_0919400	protein disulfide-isomerase PDI-Trans	0.976	-2.743	['C0H4Y6']	True	1	0.0	0.2383602996100683	5	True	True
289	Q8I5Q3	PF3D7_1215300	10 kDa chaperonin	0.978	-2.429	['Q8I603', 'C6S3I6']	False	2	0.0011816833646821	0.2477394701510344	5	False	False
290	Q6LFH8	PF3D7_0608800	ornithine aminotransferase	0.978	-2.496	['Q8IAM2', 'Q8I0X1', 'Q8IJN7', 'Q8IE10']	False	4	0.0037174941910895	0.294016086153482	5	False	False
291	Q8I490	PF3D7_0501000	Plasmodium exported protein, unknown function	0.979	-0.91	['Q9TY99', 'C6S3H3', 'Q8I2F4', 'Q8IIX5', 'Q8IJ76', 'Q8IIF0', 'Q8II72', 'Q8I2F2', 'Q8I4T3', 'Q8IKC8', 'Q8IFM0']	True	11	0.0052601730938186	0.2800367937136692	5	True	True
292	Q8IKS0	PF3D7_1455800	LCCL domain-containing protein	0.979	-2.053	['Q8IK83', 'C0H5H0', 'Q8I3X7', 'Q8IKW0', 'Q8IM24']	False	5	0.0058423910694002	0.3118428514112935	5	False	False
293	Q8IAR3	PF3D7_0807500	proteasome subunit alpha type-6, putative	0.979	-1.875	['Q8II43', 'A0A5K1K7U1', 'O77396', 'Q8IDG2', 'Q7K6A9', 'Q8IDG3', 'O97282', 'Q8IBI3', 'Q8IKC9', 'Q8I5C4', 'Q8I6T3', 'C0H5I7', 'Q8I0U7', 'O96220', 'Q8IK90', 'Q8IJT1', 'C6KST3', 'Q8I261']	True	18	0.0001256126958829	0.2968845357744916	5	True	True
294	A0A144A0F5	PF3D7_1149100	Plasmodium exported protein, unknown function	0.983	-2.738	['Q76NN6']	True	1	0.0	0.2657699992741082	5	True	True
296	Q8IDN4	PF3D7_1346300	DNA/RNA-binding protein Alba 2	0.983	-1.756	['Q8I5Y9', 'Q76NN6', 'C6KTA3']	False	3	0.0001807867437194	0.2723102005985269	5	False	False
297	O77381	PF3D7_0317600	40S ribosomal protein S11, putative	0.987	-2.687	['A0A144A3N9', 'Q8IB24', 'Q8II24', 'K7NTP5', 'Q8I0V2', 'Q8IKM5', 'Q8IDR9', 'Q6ZMA8', 'Q8IIU8', 'Q8IIV1', 'Q8I0P6', 'Q8IJC6', 'C0H4A6', 'Q8IIB4', 'Q8IEK3', 'Q8IKW5', 'Q8I3R0', 'Q8IK83', 'Q8IAX8', 'O97319', 'Q8IL02', 'Q8ID28', 'Q8ILL3', 'Q8ILI2', 'Q8IAX5', 'Q8IJS2', 'O97313', 'Q8I487', 'Q8IIA2', 'Q8ILK3', 'Q8IKP1', 'C6KT23', 'Q8IK15', 'Q8IDB0', 'C0H5C2', 'Q8IBY4', 'Q8IJ34', 'Q8IE10', 'Q8I3T8', 'Q8I431', 'Q9TY99', 'Q8IM10', 'Q8I323', 'Q8IDK7']	False	44	0.0120366412279919	0.4043942181645898	5	False	False
298	Q8IIF0	PF3D7_1121600	exported protein 1	0.988	-1.886	['Q8IKC8', 'Q8IJ76', 'Q8IBV7', 'Q8IM26', 'Q8I2F4', 'Q9TY99', 'Q8I490', 'C0H5H0', 'Q8IEB8', 'Q8IIX5', 'Q8IFM0', 'Q8I2F2', 'C6KT18', 'Q8IIV2', 'Q6ZMA7', 'Q8IFM9', 'K7NTP5', 'Q8I487', 'Q8IKY4', 'Q8II72', 'Q8IB24']	True	21	0.0306171108356867	0.3587111778021853	5	True	True
299	O97245	PF3D7_0306400	FAD-dependent glycerol-3-phosphate dehydrogenase, putative	0.988	-2.349	['Q8IKK7', 'Q8IE66', 'Q8IE67', 'Q8I2I2', 'C6KT25', 'Q8ILC1', 'Q8IDJ8', 'O96268']	False	8	0.0106721900910122	0.321450685741747	5	False	False
300	A0A143ZX41	PF3D7_0206800	merozoite surface protein 2	0.988	-2.005	['Q8I487', 'Q8IK15', 'Q8I3T8']	True	3	3.700195370315553e-06	0.2789671344557866	5	True	True
301	Q8I4U5	PF3D7_1248900	26S protease regulatory subunit 8, putative	0.988	-2.052	['Q8ILL3', 'Q8IC05', 'Q8IIA2', 'Q8ID28']	False	4	3.712601710067423e-05	0.3058358283104059	5	False	False
302	Q8I5B3	PF3D7_1230700	protein transport protein SEC13	0.989	-1.951	['Q8I1S0', 'Q8ILX1', 'Q8ILZ7', 'Q8IB60', 'Q8IB24', 'O96221', 'Q8IKP1']	False	7	0.0062656767689107	0.3081586320697254	5	False	False
303	Q8I2G1	PF3D7_0935900	ring-exported protein 1	0.989	-1.863	['Q8IJ56', 'Q8I544']	False	2	0.0	0.2095054383262333	5	False	False
304	Q8ILP3	PF3D7_1420700	surface protein P113	0.991	0.436	['Q8IJ56', 'Q8ILA1', 'Q8I2X4', 'C0H5H0']	False	4	0.0137373278762264	0.3186457059359727	5	False	False
305	C6KT09	PF3D7_0616800	malate:quinone oxidoreductase	0.992	-0.442	['O96252', 'Q8I3N3', 'Q8IE10', 'C0H5C2']	False	4	0.0002908916990631	0.2988281333900365	5	False	False
306	Q8IM52	PF3D7_1404200	conserved Plasmodium protein, unknown function	0.992	-1.804	['Q8IC43']	True	1	0.0	0.2555409230249298	5	True	True
307	Q8I5J2	PF3D7_1222100	conserved Plasmodium protein, unknown function	0.995	-3.033	['Q8IBN4', 'C0H571', 'Q8I484']	True	3	8.070433343205504e-05	0.2474037798120763	5	True	True
308	Q8IKV9	PF3D7_1451700	calcineurin subunit B	0.996	0.0	['P62203']	False	1	0.0	0.0026246719160104	5	False	False
309	Q8IJ56	PF3D7_1035300	glutamate-rich protein GLURP	0.996	-1.886	['Q8I544', 'Q8ILP3', 'Q8I2G1']	False	3	0.0022837554338309	0.2449148081841882	5	False	False
310	Q8I2F2	PF3D7_0936800	Plasmodium exported protein (PHISTc), unknown function	0.996	-1.879	['Q8IK15', 'Q8IBY4', 'Q8IFM9', 'Q6ZMA7', 'Q8IFM0', 'Q9TY99', 'Q8IIX5', 'Q8I490', 'Q8IIF0', 'Q8IIU8', 'B9ZSJ2', 'Q8I492', 'Q8I2F4', 'Q8I0U8', 'Q8IIA2']	False	15	0.0033923295004131	0.3245937591134441	5	False	False
311	Q8IDN6	PF3D7_1346100	protein transport protein SEC61 subunit alpha	0.996	-2.116	['O97249', 'O00806', 'Q8I431']	True	3	1.6947513079733575e-05	0.2835155116480005	5	True	True
312	Q8IFM0	PF3D7_0424600	Plasmodium exported protein (PHISTb)	0.998	-0.203	['Q8IFM9', 'Q8I2F2', 'Q9TY99', 'Q6ZMA7', 'Q8IJ76', 'Q8IIF0', 'Q8IJF6', 'Q8II72', 'Q8I476', 'Q8IKY4', 'Q8I2F4', 'Q8IIX5', 'Q8I0U8', 'Q8I490']	True	14	0.0031088485928555	0.2907388367855292	5	True	True
313	Q8IAX8	PF3D7_0814200	DNA/RNA-binding protein Alba 1	0.998	-1.638	['A0A5K1K8V8', 'K7NTP5', 'Q8I3T8', 'Q8IIV2', 'Q8I5H4', 'Q8IBY4', 'Q8IJC6', 'Q8IM10', 'O97285', 'C0H4A6', 'Q8IL58', 'Q8ILL2', 'O77381', 'B9ZSJ2', 'Q8IK89', 'Q8IJX3', 'Q8IIA2', 'Q8ILK3', 'Q8I0V2', 'Q8IKM5', 'Q8IDB0', 'O00806', 'Q8I3R0', 'Q8IDR9', 'O97313', 'Q8II61', 'Q8IKH8', 'Q8IAX5', 'A0A5K1K8Y8', 'Q8IIB4', 'Q8IJX8', 'Q8IIM8', 'Q8IET7', 'Q8IL02', 'Q8ILL3', 'C6KT19', 'Q8IB24', 'Q8IE84']	True	38	0.0061651971574866	0.3803833114610673	5	True	True
314	Q8IKY4	PF3D7_1449000	gamete egress and sporozoite traversal protein, putative	0.998	-1.4	['Q8IFM0', 'Q8IIF0', 'Q6ZMA7']	False	3	0.0	0.2806825357437545	5	False	False
315	Q76NN6	PF3D7_0419600	ran-specific GTPase-activating protein 1, putative	0.998	-1.968	['Q8IIG6', 'C0H586', 'Q8I3J0', 'Q8I608', 'Q8I3A1', 'O97282', 'Q7KQK6', 'Q8II61', 'C6KT55', 'Q8IJA0', 'Q8I2W3', 'A0A144A0F5', 'Q8II43', 'C0H4U4', 'Q8IFP3', 'Q8IIR9', 'C0H4W2', 'Q8I3X4', 'Q8IIB6', 'Q8IKA6', 'Q8I5V6', 'Q8IBR6', 'C0H4V6', 'Q8ILB6', 'Q7KQK0', 'P27362', 'Q8I5Y9', 'Q8IHW4', 'Q8ILI6', 'Q8IIR7', 'Q8IAW0', 'C6KSV2', 'Q8IM55', 'Q8I3Q7', 'Q8IDN4', 'Q8IAM2', 'Q76NM3', 'Q8IE66', 'Q8IEP9', 'Q8ILK1', 'A0A144A3N9', 'Q8ILQ7', 'Q8I374', 'Q8IL48', 'Q6ZLZ9']	True	45	0.1177007348376435	0.3644391008010226	5	True	True
316	Q8I0X1	PF3D7_0504600	2-oxoisovalerate dehydrogenase subunit beta, mitochondrial, putative	0.999	-1.662	['O97227', 'Q8IEA6', 'Q6LFH8', 'Q6ZLZ9', 'Q8I5B6', 'Q8IEJ6', 'Q8IFP3', 'C6KTA3', 'P61076', 'Q8IKT2', 'Q8IL11', 'Q8I289']	True	12	0.0021877768230732	0.3010453248166733	5	True	True
317	P61076	PF3D7_0923800	thioredoxin reductase	0.999	-2.406	['Q8IEA6', 'O97227', 'Q8IEJ6', 'Q8I0X1', 'Q8IJN9', 'C6KTA3', 'Q8II24']	False	7	0.0007016132225433	0.2993180155759218	5	False	False
319	Q8IJI7	PF3D7_1021600	deoxyribose-phosphate aldolase, putative	0.999	-0.96	['C6KT50', 'Q7KQL9', 'C6KTA4']	False	3	0.0007825817112409	0.2868562285959345	5	False	False
320	C0H551	PF3D7_0922600	glutamine synthetase	0.999	-2.576	['Q8I2W4']	False	1	0.0	0.0026246719160104	5	False	False
321	Q8I485	PF3D7_0501500	rhoptry-associated protein 3	0.999	-2.948	['Q8IK07', 'Q8ILZ1']	True	2	0.0001925910576967	0.189010341098667	5	True	True
322	Q8IK83	PF3D7_1475500	LCCL domain-containing protein	1.0	-0.188	['Q8IKS0', 'Q8IJC6', 'O77381', 'Q8ILL3', 'C0H5H0', 'Q8IM24', 'Q8IDR9']	False	7	0.0014966590452255	0.3422380309302949	5	False	False
323	O97285	PF3D7_0320800	ATP-dependent RNA helicase DDX6	1.0	-1.795	['Q8IAX8', 'Q8IK89', 'Q8IKP1', 'Q8IDR9', 'Q8IIB4', 'Q8IAX5', 'Q8I5H4']	True	7	0.0001843486024382	0.3126438176392335	5	True	True
324	O97306	PF3D7_0323800	conserved Plasmodium protein, unknown function	1.0	-2.909	['Q8ILZ7']	True	1	0.0	0.2261102037167954	5	True	True
325	Q8IKB2	PF3D7_1472600	protein disulfide-isomerase	1.0	-1.63	['Q8I323', 'C0H5H0', 'C0H4Y6', 'Q8IIV8']	True	4	0.0001388928271953	0.3139879441123169	5	True	True
326	Q76NN7	PF3D7_0322000	peptidyl-prolyl cis-trans isomerase	1.0	0.0	['K7NTP5', 'Q7KQL5', 'A0A144A1R5', 'Q8I0P6']	False	4	0.0001429641910707	0.3175373730457606	5	False	False
327	O96268	PF3D7_0219100	saccharopine dehydrogenase, putative	1.0	0.843	['O97245']	False	1	0.0	0.2421538322298572	5	False	False
328	Q9TY99	PF3D7_0202000	knob-associated histidine-rich protein	1.0	-1.359	['Q8I490', 'Q8IJ76', 'Q8IIV2', 'Q8IIA2', 'Q8IK15', 'Q8IFM0', 'Q8I2F2', 'C6KT18', 'Q8IIF0', 'C6KT19', 'Q6ZMA7', 'Q8IM10', 'Q8IFM9', 'Q8IBY4', 'Q8IJF6', 'C6KT23', 'Q8IDB0', 'Q8I487', 'Q8II72', 'Q8IIX5', 'Q8IB24', 'Q8IIU8', 'C0H4Z6', 'C0H4A6', 'O77381', 'Q8I2F4', 'B9ZSJ2']	False	27	0.0167910358881168	0.3448233984916191	5	False	False
329	Q8ILT0	PF3D7_1416500	NADP-specific glutamate dehydrogenase	1.0	-0.704	['C6KT25', 'P50250']	True	2	0.0	0.2789671344557866	5	True	True
330	P68874	PF3D7_0209000	6-cysteine protein P230	1.0	-0.851	['Q8I6U6', 'Q8I6T1']	False	2	0.0003473393915837	0.2071287458891801	5	False	False
331	Q8ILA1	PF3D7_1436300	translocon component PTEX150	1.0	-2.182	['Q8ILZ1', 'Q8ILP3']	True	2	0.0028132491549688	0.245738882235952	5	True	True
332	O96230	PF3D7_0215000	acyl-CoA synthetase	1.0	0.232	['Q8I323', 'C0H5H0']	False	2	0.0	0.3131800849079114	5	False	False
333	Q8ILI2	PF3D7_1428300	proliferation-associated protein 2g4, putative	1.0	0.023	['Q8IDR9', 'Q8I323', 'Q8I0V2', 'O97313', 'Q8I0P6', 'Q8I2X4', 'Q8IAX5', 'C0H5H0', 'Q8IEK3', 'Q8IDJ8', 'Q8IB24', 'Q8IE10', 'Q8IEQ1', 'Q8ILL3', 'Q8IJC6', 'O77381', 'Q8IBY4', 'K7NTP5', 'Q8IL02', 'Q8I1V1', 'Q8IIA2', 'Q8IM10', 'Q8IDK7', 'Q8I3M5', 'Q8IKW5']	False	25	0.0053919446972362	0.3803833114610673	5	False	False
334	Q8IL48	PF3D7_1442300	tRNA import protein tRIP	1.0	0.417	['C6KSV2', 'C6KTA3', 'Q8II61', 'A0A5K1K967', 'Q76NN6']	False	5	0.00034548290969	0.3200420499584791	5	False	False
335	Q8ILF6	PF3D7_1430800	PhIL1 interacting protein PIP3	1.0	0.0	['Q8ILF4']	False	1	0.0	0.2248571299277245	5	False	False
336	Q8I252	PF3D7_0109100	LCCL domain-containing protein	1.0	-2.243	['Q8IM24', 'C0H5H0']	False	2	0.0	0.3068638479013653	5	False	False
337	C6S3H3	PF3D7_1403200	EGF domain-containing protein, putative	1.0	-1.113	['Q8I490']	False	1	0.0	0.2178806557294896	5	False	False
338	Q8IM15	PF3D7_1408100	plasmepsin III	1.0	-0.66	['Q8IBN4', 'Q8IM16', 'Q8I0V2', 'Q8I0P6']	True	4	0.0051533774997988	0.3066061956361248	5	True	True
339	Q8IM16	PF3D7_1407800	plasmepsin IV	1.0	-0.823	['Q8IM15']	True	1	0.0	0.233632744083573	5	True	True
340	Q8IM24	PF3D7_1407000	LCCL domain-containing protein	1.0	-0.785	['C0H5H0', 'Q8IKW0', 'Q8I252', 'Q8IKS0', 'Q8IK83']	False	5	0.0007480747501035	0.3118428514112935	5	False	False
341	Q8IM10	PF3D7_1408600	40S ribosomal protein S8e, putative	1.0	-2.487	['Q8IL02', 'O97313', 'Q8I487', 'Q8I0P6', 'Q8IIB4', 'Q8IJX3', 'Q8IKM5', 'Q8IIV2', 'Q8IIA2', 'Q8IK15', 'Q8IAX6', 'Q8IDK7', 'C0H4A6', 'Q8IAX8', 'C6KT18', 'Q8IBV7', 'Q8IKW5', 'Q8IDR9', 'Q9TY99', 'Q8IET7', 'Q8I3T8', 'Q8IL58', 'O00806', 'Q8I3R0', 'C6KT23', 'Q8IKR1', 'Q8IDB0', 'C0H5C2', 'Q8ILL3', 'Q8IAX5', 'Q8IJX8', 'C0H5H0', 'Q8IEK3', 'Q8IIM8', 'Q8IB24', 'Q8IIU8', 'Q8I320', 'Q8II61', 'Q8IE10', 'Q8IJV6', 'Q8IEQ1', 'Q6ZMA8', 'C6KT19', 'Q8IJC6', 'Q8IIV1', 'Q8IJN7', 'Q8I566', 'C6KT25', 'Q8ILI2', 'O77381', 'Q8IBY4', 'Q8ILK3', 'A0A5K1K8V8', 'K7NTP5', 'B9ZSJ2', 'Q8ILL2']	False	56	0.0132151450996834	0.4168584235189779	5	False	False
342	B9ZSJ2	PF3D7_0114000	exported protein family 1	1.0	-1.456	['Q8IIX5', 'Q8IJX3', 'Q8IIV2', 'Q8IHN4', 'Q8IDR9', 'Q8I544', 'Q8IAX8', 'Q8I4T3', 'C0H5C2', 'Q8IAX5', 'C6KT19', 'Q8I2F2', 'Q8I487', 'Q8IKM5', 'Q9TY99', 'Q8IM10']	False	16	0.0133235954295539	0.3328787411145165	5	False	False
343	Q8ILZ1	PF3D7_1410400	rhoptry-associated protein 1	1.0	-2.245	['Q8I6U6', 'Q8ILA1', 'Q8I669', 'Q8I485', 'Q8IBB9']	True	5	0.0087641060581447	0.2269533741470631	5	True	True
344	Q8ILZ7	PF3D7_1409800	CUGBP Elav-like family member 2, putative	1.0	0.966	['Q8IK89', 'Q8I5B3', 'Q8I5H4', 'Q8IJX3', 'Q8IIV2', 'Q8I3S3', 'O97306']	False	7	0.0105692379460426	0.293779548674678	5	False	False
345	Q8IBN4	PF3D7_0721700	secreted ookinete protein, putative	1.0	-2.882	['Q8I4T3', 'Q8IEU2', 'Q8IC43', 'Q8II72', 'C0H571', 'C6KSV8', 'Q8IJC6', 'Q6ZMA7', 'Q8IKC8', 'Q8IM15', 'Q8I5J2', 'O96252', 'Q8IEK3', 'Q8I2X3', 'Q8IL02', 'Q8I0V2', 'Q8IJ76']	True	17	0.0093311996681277	0.3292768070357301	5	True	True
346	Q8IIR8	PF3D7_1108500	succinate--CoA ligase [ADP-forming] subunit alpha, putative	1.0	1.366	['Q8IE67', 'C6KT25', 'P50250', 'P27362']	False	4	0.0013885644390602	0.2893565602239498	5	False	False
347	Q8IIK8	PF3D7_1115600	peptidyl-prolyl cis-trans isomerase	1.0	0.755	['Q8I3W9', 'K7NTP5', 'Q8IDR9', 'A0A5K1K8H7', 'Q8IAX5', 'Q8IB24']	False	6	0.0141869307301094	0.3197618029795312	5	False	False
348	Q8IJ76	PF3D7_1033200	early transcribed membrane protein 10.2	1.0	-1.511	['Q9TY99', 'Q8IIF0', 'Q8I2F4', 'Q8I490', 'Q8IC43', 'Q8I4T3', 'Q8IFM0', 'Q6ZMA7', 'Q8IFM9', 'Q8IKC8', 'Q8II72', 'Q8IIX5', 'Q8IBN4', 'Q8IIA2']	False	14	0.0021519349033139	0.3121093837629271	5	False	False
349	Q7KQL2	PF3D7_1031000	ookinete surface protein P25	1.0	0.688	['Q8IFM9']	False	1	0.0	0.2437703464637013	5	False	False
350	Q8IBI3	PF3D7_0727400	proteasome subunit alpha type-5, putative	1.0	0.0	['C6KST5', 'A0A5K1K9F3', 'Q8I323', 'O77323', 'O77396', 'Q8IK90', 'Q8II71', 'Q7K6A9', 'Q8I2X4', 'C0H5H0', 'Q8IJT1', 'O97282', 'Q8IAR3', 'Q8IJM0', 'Q8IJA0', 'C6KT34', 'Q8II43', 'C0H4C7', 'Q8I5C4', 'Q8I6T3', 'Q8IJW0', 'A0A5K1K7U1', 'C0H5I7', 'Q8I0U7', 'Q8IJN9', 'O96153', 'Q8IDG2', 'O96220', 'Q8IDG3', 'C6KST3', 'Q8IKC9', 'Q8I261']	True	32	0.0035293729254154	0.3548765587974973	5	True	True
351	Q8I6U6	PF3D7_1038400	gametocyte-specific protein	1.0	0.25	['Q8IHN4', 'Q8ILZ1', 'Q8I492', 'Q76NM4', 'P68874', 'A0A5K1K8E0', 'Q8I0U8']	False	7	0.0127932037699427	0.2580692431113955	5	False	False
352	Q8IBG1	PF3D7_0729900	dynein heavy chain, putative	1.0	-0.74	['Q7KQL5']	False	1	0.0	0.2798222061322794	5	False	False
353	Q8III5	PF3D7_1118300	insulinase, putative	1.0	-0.04	['Q76NL8', 'Q8I0V4']	False	2	0.0051388313302942	0.246402145075995	5	False	False
354	Q8IC43	PF3D7_0702400	small exported membrane protein 1	1.0	-1.346	['Q8IBN4', 'Q8IIM8', 'Q8IAX6', 'C6KSV8', 'Q8IJ76', 'Q8I0V2', 'Q8II72', 'Q8IKW5', 'Q8IM52', 'Q8ILL3', 'Q6ZMA8', 'Q6ZMA7', 'Q8I5H4', 'Q8IEU2', 'Q8IL75']	False	15	0.0090923884739474	0.3454758552531927	5	False	False
355	Q8II64	PF3D7_1129900	major facilitator superfamily-related transporter, putative	1.0	-1.042	['Q8I305']	False	1	0.0	0.0026246719160104	5	False	False
356	Q8II72	PF3D7_1129100	parasitophorous vacuolar protein 1	1.0	-2.111	['Q8IBN4', 'Q8IEU2', 'Q8IIX5', 'Q8IKC8', 'Q8I2F4', 'Q8I0U8', 'Q8I490', 'Q8IM45', 'Q8IBB9', 'Q8IC43', 'C0H5H0', 'Q9TY99', 'Q8I4T3', 'Q8IFM0', 'C0H571', 'Q6ZMA7', 'Q8IJ76', 'Q8IIF0']	False	18	0.0187440684967307	0.3474481246456943	5	False	False
357	Q8II80	PF3D7_1128300	ATP-dependent 6-phosphofructokinase	1.0	-2.821	['Q8I2X4']	False	1	0.0	0.2864062580412742	5	False	False
358	Q8II82	PF3D7_1128100	prefoldin subunit 5, putative	1.0	-2.205	['O77323', 'Q8I5V6', 'Q8IBR6', 'C0H4C7', 'Q8I3Y6', 'O96220', 'Q8II43', 'Q8ILS7', 'Q8I3A4', 'O97282']	False	10	0.002258967272497	0.2902766128796699	5	False	False
359	K7NTP5	PF3D7_0831700	heat shock protein 70	1.0	0.585	['Q8IAX8', 'Q8IL02', 'O77381', 'Q8ILL3', 'Q8IL58', 'C0H4A6', 'Q8ILL2', 'C6KT18', 'Q8IAX5', 'Q8I487', 'Q8IIA2', 'Q8ILK3', 'Q76NN7', 'Q8IIK8', 'Q8IKM5', 'Q8IDB0', 'Q8II61', 'Q8IBY4', 'Q8IFM9', 'Q8IKH8', 'Q8I3T8', 'O00806', 'C0H5C2', 'Q8IIB4', 'C0H5H0', 'Q8I3R0', 'Q8IJX8', 'Q8IIM8', 'Q8IET7', 'Q8I323', 'Q8ILE3', 'Q8IB24', 'Q8ILI2', 'Q8I603', 'Q8I5H4', 'O97313', 'C6KT19', 'A0A144A3N9', 'Q8I0V2', 'C6KT25', 'Q8IIV2', 'Q8IIF0', 'A0A5K1K8V8', 'Q8IDR9', 'Q8I3I6', 'Q8IIU8', 'Q8IBV7', 'Q6ZMA7', 'Q8I0P6', 'Q8IJC6', 'Q8IM10']	True	51	0.0246693275563462	0.4226481238456304	5	True	True
360	Q8I2J3	PF3D7_0932300	M18 aspartyl aminopeptidase	1.0	-2.476	['Q8IC01', 'C0H5H0']	True	2	0.0	0.3118428514112935	5	True	True
361	Q8I305	PF3D7_0914700	major facilitator superfamily-related transporter, putative	1.0	0.707	['Q8II64']	False	1	0.0	0.0026246719160104	5	False	False
362	Q8IJF6	PF3D7_1024800	exported protein 3	1.0	-0.161	['Q8I2F4', 'Q9TY99', 'Q8I4T3', 'Q8IFM0', 'Q8IIX5']	False	5	2.0892770200066528e-05	0.2593522578143641	5	False	False
363	Q8I6U7	PF3D7_1022500	citrate synthase, mitochondrial, putative	1.0	-1.91	['Q8IJN9']	False	1	0.0	0.2743561074399885	5	False	False
364	Q8IJX8	PF3D7_1006200	DNA/RNA-binding protein Alba 3	1.0	0.0	['O00806', 'Q8I3R0', 'O97313', 'Q8I0P6', 'C6KT23', 'C0H5C2', 'Q8I2X4', 'Q8IAX5', 'A0A5K1K8Y8', 'Q8IIM8', 'Q8IB24', 'Q8IL02', 'Q8ILL2', 'Q8II61', 'Q6ZMA8', 'Q8IJC6', 'Q8IBY4', 'K7NTP5', 'Q8I3T8', 'Q8I5H4', 'Q8IM10', 'Q8IIB4', 'Q8IAX8', 'C6KT18', 'Q8IDR9', 'Q8IET7', 'Q7KQL5', 'Q8IKH8']	True	28	0.0022335849585499	0.3764618340233244	5	True	True
365	Q8IK15	PF3D7_1002100	EMP1-trafficking protein	1.0	-2.618	['Q8I2F2', 'C0H4A6', 'Q8IDR9', 'Q9TY99', 'Q8IM10', 'Q8I3T8', 'Q8I3R0', 'Q8I431', 'C0H5C2', 'Q8IAX5', 'Q8IIU8', 'Q8IKM5', 'A0A143ZX41', 'Q8IJC6', 'O77381', 'Q8IL02', 'O97313', 'Q8IIA2']	True	18	0.0013606554663249	0.3344029111745647	5	True	True
366	Q8I6S5	PF3D7_0820700	2-oxoglutarate dehydrogenase E1 component	1.0	-1.656	['Q8IFP3', 'Q8IEA6']	True	2	0.0	0.2839564377936428	5	True	True
367	Q8IAV6	PF3D7_0812100	proteasome activator complex subunit 4, putative	1.0	-0.509	['O77396']	False	1	0.0	0.2230714593785123	5	False	False
368	Q8I492	PF3D7_0500800	mature parasite-infected erythrocyte surface antigen	1.0	-1.237	['Q76NM4', 'Q8I0U8', 'O97313', 'Q8I6U6', 'C0H5C2', 'Q8I2F2', 'Q8IL02', 'Q8IAX5', 'Q8I3R0', 'Q8IBY4']	True	10	0.0160624102679707	0.3275049139036993	5	True	True
369	Q8I487	PF3D7_0501300	skeleton-binding protein 1	1.0	-1.196	['Q8IM10', 'C6KT19', 'K7NTP5', 'Q8ILL3', 'Q8I431', 'Q8IIA2', 'Q8IDB0', 'Q8IBY4', 'A0A143ZX41', 'C0H4A6', 'Q9TY99', 'O77381', 'B9ZSJ2', 'Q8IB24', 'Q8IIV2', 'Q8IIF0']	False	16	0.0018367635007562	0.3396911432582555	5	False	False
370	Q8I476	PF3D7_0502400	merozoite surface protein 8	1.0	0.666	['Q8IIX5', 'Q8IFM0']	False	2	0.0	0.2273773219194425	5	False	False
371	Q8IE66	PF3D7_1325200	lactate dehydrogenase, putative	1.0	-0.613	['Q8I5B6', 'Q8IJN9', 'Q76NM3', 'Q8IKK7', 'Q8IFP2', 'Q8IKT2', 'Q7KQL5', 'Q6ZLZ9', 'O97245', 'Q8IEK3', 'O97282', 'Q8IC05', 'Q76NN6', 'C0H5I7', 'Q8II43', 'Q8IFP3', 'Q8IDB0', 'Q8I5P5']	False	18	0.0199514703557285	0.3784124134742224	5	False	False
372	Q8IFM9	PF3D7_0423700	early transcribed membrane protein 4	1.0	0.0	['Q8IIX5', 'Q8IFM0', 'Q8I2F2', 'Q8IIV2', 'K7NTP5', 'Q9TY99', 'Q8I0P6', 'C6KT18', 'Q8IBV7', 'Q8IJ76', 'Q8IIF0', 'Q8I546', 'O00806', 'Q7KQL2']	True	14	0.008310763967383	0.3243054875689384	5	True	True
373	Q8IEA6	PF3D7_1320800	dihydrolipoyllysine-residue succinyltransferase component of 2-oxoglutarate dehydrogenase complex	1.0	0.398	['Q8IJN9', 'Q8I0X1', 'Q8I6S5', 'Q8II24', 'Q8IKK7', 'P61076', 'Q8IKT2', 'Q8IL11', 'Q8IFP3', 'O97227', 'Q8IEJ6', 'Q6ZLZ9']	True	12	0.0033304991239767	0.3180905740440981	5	True	True
374	Q8I3X4	PF3D7_0513300	purine nucleoside phosphorylase	1.0	-2.123	['Q76NN6', 'Q8IKT2', 'C6KT25', 'P50250', 'Q8I5B6', 'Q7KQL9', 'Q8III8']	False	7	0.0019798883643133	0.3153436778951854	5	False	False
375	Q8IES0	PF3D7_1304500	small heat shock protein, putative	1.0	-2.102	['Q8IJW0', 'Q8II24']	True	2	0.0	0.2921343832020997	5	True	True
376	Q8I6T1	PF3D7_1346700	6-cysteine protein P48/45	1.0	-1.876	['P68874', 'Q8IKV8']	False	2	0.0011698290681661	0.232295152037293	5	False	False
377	A0A5K1K8E0	PF3D7_1327300	subpellicular microtubule protein 3	1.0	-0.897	['Q8I6U6']	False	1	0.0	0.2043469384457888	5	False	False
378	A0A5K1K963	PF3D7_1334200	chaperone binding protein, putative	1.0	-2.7	['C0H5H0', 'Q8III6', 'Q8IC01', 'Q8ILC1']	False	4	0.0	0.3178137328134244	5	False	False
379	Q8I5M9	PF3D7_1217900	PPPDE peptidase domain-containing protein, putative	1.0	-2.577	['Q8I1V1', 'Q8IKH8', 'Q8IEK3', 'Q8IEQ1']	False	4	9.004096239902289e-06	0.2983398521263273	5	False	False
380	Q8IHN4	PF3D7_1149000	antigen 332, DBL-like protein	1.0	-0.293	['B9ZSJ2', 'Q8I6U6', 'Q8IIV1']	False	3	0.0011336382459228	0.2721072868872017	5	False	False
381	Q8I603	PF3D7_1204300	eukaryotic translation initiation factor 5A	1.0	0.0	['Q8IKH8', 'C0H5C2', 'Q8I5Q3', 'A0A5K1K8V8', 'K7NTP5', 'Q8IET7']	False	6	0.0051087870653642	0.3118428514112935	5	False	False
382	Q8I544	PF3D7_1237900	conserved Plasmodium protein, unknown function	1.0	-0.82	['Q8IJ56', 'B9ZSJ2', 'Q8I2G1']	True	3	0.0039092729148332	0.2502864832094754	5	True	True
383	Q8I4T3	PF3D7_1250100	osmiophilic body protein G377	1.0	-0.976	['Q8IBN4', 'Q8I0U8', 'C0H571', 'Q8IIX5', 'Q8IJ76', 'B9ZSJ2', 'Q8IJF6', 'Q8I490', 'Q8II72', 'Q8IKC8']	False	10	0.0011859710872421	0.2843987375409849	5	False	False
384	Q8I3S3	PF3D7_0518700	mRNA-binding protein PUF1	1.0	-1.712	['Q8ILZ7']	False	1	0.0	0.2261102037167954	5	False	False
385	Q8IIV1	PF3D7_1105100	histone H2B			['Q8IB24', 'Q8IIV2', 'Q8IKM5', 'C6KT19', 'Q6ZMA7', 'O77381', 'Q8IBY4', 'Q8IE84', 'Q8I5H4', 'Q8IHN4', 'Q8IL02', 'Q8ILL3', 'Q8ILL2', 'Q8I3M5', 'C0H4A6', 'Q8IBV7', 'Q7KQL5', 'Q8IM10', 'O97313', 'Q8IDB0', 'C0H5C2', 'Q8IAX5']	True	22	0.0086078599910377	0.3566093544947507	5	False	True
